Respondent ID,Collector ID,Start Date,End Date,IP Address,Email Address,First Name,Last Name,Custom Data 1,custom_value9,custom_value7,collector_type_source,custom_value8,What type of news are you most interested in?,Article 1,Article 2,Which article would you be more likely to click on?,How interested are you in the news on a scale of 1 to 10?,Gender,Household Income,Device Type,Region,Age
,,,,,,,,,,,,,Response,,,Response,Open-Ended Response,Response,Response,Response,Response,Response
12842566513,407651576,07/24/2021 02:23:10 PM,07/24/2021 02:23:55 PM,,,,,a22d2d4c65edc5787d7d4e89c8,,,smc,,Other,Image Treatment,Text Treatment,Article 2,1,Male,"$25,000-$49,999",Android Phone / Tablet,East North Central,18-29
12842566463,407651576,07/24/2021 02:22:42 PM,07/24/2021 02:23:50 PM,,,,,a1b00701a5a46181e9d8bbbcf9,,,smc,,Business,Image Treatment,Text and Image Treatment,Article 1,10,Male,"$150,000-$174,999",iOS Phone / Tablet,East North Central,30-44
12842566439,407651576,07/24/2021 02:23:05 PM,07/24/2021 02:23:48 PM,,,,,c1753d1771df21e0ac3af86fa4,,,smc,,Tech,Control,Control,Article 2,8,Male,"$100,000-$124,999",iOS Phone / Tablet,West South Central,30-44
12842566416,407651576,07/24/2021 02:23:00 PM,07/24/2021 02:23:47 PM,,,,,ebb1235cf727b3ab4532df835a,,,smc,,Tech,Control,Text Treatment,Article 2,8,Male,"$25,000-$49,999",iOS Phone / Tablet,West North Central,30-44
12842566335,407651576,07/24/2021 02:22:58 PM,07/24/2021 02:23:40 PM,,,,,5199c28138bb3d962c603628ef,,,smc,,Other,Text and Image Treatment,Image Treatment,Article 1,4,Male,"$0-$9,999",iOS Phone / Tablet,Pacific,18-29
12842566325,407651576,07/24/2021 02:22:53 PM,07/24/2021 02:23:40 PM,,,,,8886fa0383b89bd240406c921d,,,smc,,Sports,Text and Image Treatment,Control,Article 1,3,Male,"$100,000-$124,999",Android Phone / Tablet,West South Central,30-44
12842566322,407651576,07/24/2021 02:22:56 PM,07/24/2021 02:23:40 PM,,,,,b3942ba6503e2b1978f5f99699,,,smc,,Tech,Control,Text Treatment,Article 2,5,Male,"$50,000-$74,999",iOS Phone / Tablet,Pacific,18-29
12842566276,407651576,07/24/2021 02:23:04 PM,07/24/2021 02:23:35 PM,,,,,77bd484776e563b5d01d5f1441,,,smc,,Sports,Text Treatment,Text Treatment,Article 2,7,Male,"$25,000-$49,999",Android Phone / Tablet,South Atlantic,30-44
12842566221,407651576,07/24/2021 02:22:52 PM,07/24/2021 02:23:29 PM,,,,,2e05c71e257095feaa544f6a49,,,smc,,Business,Text and Image Treatment,Text Treatment,Article 2,3,Male,"$200,000+",Android Phone / Tablet,Pacific,18-29
12842565836,407651576,07/24/2021 02:22:53 PM,07/24/2021 02:23:02 PM,,,,,8b3127370350033a653b34a00b,,,smc,,Other,Text Treatment,Control,Article 2,6,Male,"$125,000-$149,999",iOS Phone / Tablet,South Atlantic,18-29
12842565755,407651576,07/24/2021 02:22:49 PM,07/24/2021 02:22:57 PM,,,,,e9a6f6ace8b1265a91d367d2a8,,,smc,,Tech,Control,Text Treatment,Article 1,7,Male,"$100,000-$124,999",Android Phone / Tablet,Pacific,18-29
12842565722,407651576,07/24/2021 02:22:19 PM,07/24/2021 02:22:51 PM,,,,,20c2e649b1d0bf54251a40cf08,,,smc,,Tech,Text and Image Treatment,Text and Image Treatment,Article 2,3,Male,"$50,000-$74,999",Android Phone / Tablet,East North Central,30-44
12842565658,407651576,07/24/2021 02:22:26 PM,07/24/2021 02:22:49 PM,,,,,e07b4a1981a9a2e8c7692579a4,,,smc,,Art,Text Treatment,Text Treatment,Article 2,5,Male,"$75,000-$99,999",iOS Phone / Tablet,East North Central,18-29
12842565495,407651576,07/24/2021 02:22:06 PM,07/24/2021 02:22:36 PM,,,,,dd4cdc12969188f2c592ec5413,,,smc,,Sports,Text Treatment,Image Treatment,Article 2,6,Male,"$125,000-$149,999",iOS Phone / Tablet,Pacific,30-44
12842565275,407651576,07/24/2021 02:22:07 PM,07/24/2021 02:22:17 PM,,,,,728b17f89a5df3ad1f801c82a5,,,smc,,Sports,Text Treatment,Text Treatment,Article 2,4,Male,"$200,000+",iOS Phone / Tablet,South Atlantic,30-44
12842565032,407651576,07/24/2021 02:21:39 PM,07/24/2021 02:21:57 PM,,,,,02978ea4f2f3bcbc4e0ea01789,,,smc,,Tech,Control,Text and Image Treatment,Article 1,7,Male,"$50,000-$74,999",Android Phone / Tablet,South Atlantic,30-44
12842564136,407651576,07/24/2021 02:20:15 PM,07/24/2021 02:20:43 PM,,,,,20d50fdb0d2ae9d3ab845e9d4d,,,smc,,Tech,Text Treatment,Control,Article 1,5,Male,"$125,000-$149,999",Android Phone / Tablet,South Atlantic,30-44
12842557894,407651576,07/24/2021 02:11:56 PM,07/24/2021 02:12:16 PM,,,,,dae9ea1a78bb59d2d701c1f20c,,,smc,,Tech,Text Treatment,Control,Article 2,6,Male,"$100,000-$124,999",iOS Phone / Tablet,East North Central,45-60
12842551158,407651576,07/24/2021 02:02:26 PM,07/24/2021 02:03:01 PM,,,,,13ce6a1e5fbe311a3420d9832f,,,smc,,Politics,Control,Control,Article 2,8,Female,"$10,000-$24,999",Android Phone / Tablet,West South Central,45-60
12842548263,407651576,07/24/2021 01:58:19 PM,07/24/2021 01:59:07 PM,,,,,1ba3a4d43f7b7bb070b45eac3f,,,smc,,Other,Text and Image Treatment,Text Treatment,Article 2,1,Female,"$25,000-$49,999",iOS Phone / Tablet,New England,45-60
12842547281,407651576,07/24/2021 01:57:04 PM,07/24/2021 01:57:46 PM,,,,,3c5e60b3cfb187b2a1cf439dda,,,smc,,Tech,Image Treatment,Text Treatment,Article 1,5,Male,"$0-$9,999",Android Phone / Tablet,Middle Atlantic,18-29
12842545912,407651576,07/24/2021 01:55:37 PM,07/24/2021 01:56:20 PM,,,,,10df358d09360092e8b96d402c,,,smc,,None,Control,Control,Article 1,1,Male,"$125,000-$149,999",Android Phone / Tablet,Mountain,45-60
12842541162,407651576,07/24/2021 01:48:47 PM,07/24/2021 01:49:32 PM,,,,,e56d00b6edd36fcaa986f3307c,,,smc,,Politics,Text Treatment,Text Treatment,Article 2,8,Male,"$50,000-$74,999",iOS Phone / Tablet,East South Central,30-44
12842539264,407651576,07/24/2021 01:46:35 PM,07/24/2021 01:46:57 PM,,,,,d4ba230efcadcf166805766a66,,,smc,,Business,Text and Image Treatment,Control,Article 2,7,Male,"$75,000-$99,999",iOS Phone / Tablet,South Atlantic,18-29
12842538736,407651576,07/24/2021 01:45:46 PM,07/24/2021 01:46:15 PM,,,,,c78b7a028b8cfc92a71360cfbf,,,smc,,Sports,Control,Text Treatment,Article 2,10,Male,"$25,000-$49,999",iOS Phone / Tablet,East North Central,30-44
12842536146,407651576,07/24/2021 01:42:17 PM,07/24/2021 01:42:51 PM,,,,,c2494536d8b160097e452540c7,,,smc,,Sports,Image Treatment,Text Treatment,Article 2,8,Male,"$150,000-$174,999",iOS Phone / Tablet,Middle Atlantic,30-44
12842529708,407651576,07/24/2021 01:33:49 PM,07/24/2021 01:34:18 PM,,,,,e90c886c40131049a1b7b484da,,,smc,,Tech,Control,Control,Article 1,7,Male,"$100,000-$124,999",iOS Phone / Tablet,South Atlantic,30-44
12842527983,407651576,07/24/2021 01:31:24 PM,07/24/2021 01:32:01 PM,,,,,6857dc2ea2a92a0946901295db,,,smc,,Politics,Text and Image Treatment,Text and Image Treatment,Article 1,10,Male,"$0-$9,999",Android Phone / Tablet,West South Central,30-44
12842527577,407651576,07/24/2021 01:31:01 PM,07/24/2021 01:31:29 PM,,,,,708e8dc22a5229c81c128ac6d7,,,smc,,Tech,Control,Image Treatment,Article 2,5,Male,"$50,000-$74,999",iOS Phone / Tablet,West South Central,30-44
12842525737,407651576,07/24/2021 01:28:23 PM,07/24/2021 01:29:01 PM,,,,,6e452b4f94004661809fe4b8f5,,,smc,,Sports,Text and Image Treatment,Text and Image Treatment,Article 1,4,Male,"$0-$9,999",Android Phone / Tablet,East North Central,18-29
12842525246,407651576,07/24/2021 01:26:58 PM,07/24/2021 01:28:21 PM,,,,,92f458a6b85109943d991937b8,,,smc,,Art,Text and Image Treatment,Text Treatment,Article 1,4,Male,"$75,000-$99,999",iOS Phone / Tablet,West South Central,30-44
12842522428,407651576,07/24/2021 01:23:38 PM,07/24/2021 01:24:36 PM,,,,,b01ba4a1941b062a18375b7b48,,,smc,,Politics,Text and Image Treatment,Control,Article 1,7,Male,"$10,000-$24,999",Android Phone / Tablet,East South Central,18-29
12842522086,407651576,07/24/2021 01:23:07 PM,07/24/2021 01:24:11 PM,,,,,3b06c5068a540f06ba739dff66,,,smc,,Tech,Text Treatment,Image Treatment,Article 2,5,Male,"$10,000-$24,999",iOS Phone / Tablet,Mountain,18-29
12842501545,407651576,07/24/2021 12:56:22 PM,07/24/2021 12:57:07 PM,,,,,b8a1ec410d3eba94df1a70112f,,,smc,,Tech,Control,Control,Article 1,7,Male,Prefer not to answer,Android Phone / Tablet,Pacific,30-44
12842493393,407651576,07/24/2021 12:45:26 PM,07/24/2021 12:46:21 PM,,,,,6e51559970153d0ca9f95d8744,,,smc,,Politics,Image Treatment,Control,Article 1,7,Male,"$50,000-$74,999",Windows Desktop / Laptop,Mountain,> 60
12842486876,407651576,07/24/2021 12:37:18 PM,07/24/2021 12:38:08 PM,,,,,d7a337547220b43bfa77b51c0c,,,smc,,Travel,Text Treatment,Text Treatment,Article 1,9,Female,"$175,000-$199,999",iOS Phone / Tablet,South Atlantic,45-60
12842482912,407651576,07/24/2021 12:32:14 PM,07/24/2021 12:33:07 PM,,,,,25f2edc1cf149038a49870dca5,,,smc,,Travel,Text and Image Treatment,Control,Article 2,9,Male,"$125,000-$149,999",iOS Phone / Tablet,South Atlantic,45-60
12842482616,407651576,07/24/2021 12:31:34 PM,07/24/2021 12:32:42 PM,,,,,8941862a893b6510112318d476,,,smc,,Politics,Text and Image Treatment,Text Treatment,Article 1,5,Female,"$100,000-$124,999",Android Phone / Tablet,Pacific,45-60
12842478259,407651576,07/24/2021 12:26:58 PM,07/24/2021 12:27:22 PM,,,,,642371bbc5acff19994101cd17,,,smc,,Tech,Text and Image Treatment,Image Treatment,Article 2,10,Male,"$100,000-$124,999",Android Phone / Tablet,Pacific,30-44
12842475696,407651576,07/24/2021 12:23:18 PM,07/24/2021 12:24:13 PM,,,,,b89fb3b1705af7ac796a2f8244,,,smc,,Travel,Text and Image Treatment,Image Treatment,Article 1,9,Female,"$150,000-$174,999",iOS Phone / Tablet,West North Central,30-44
12842474194,407651576,07/24/2021 12:21:57 PM,07/24/2021 12:22:23 PM,,,,,8542d2cb3405185f84949075c1,,,smc,,Business,Text Treatment,Control,Article 1,5,Female,"$0-$9,999",iOS Phone / Tablet,Mountain,18-29
12842470376,407651576,07/24/2021 12:17:22 PM,07/24/2021 12:17:50 PM,,,,,491f170e95c70cc4e335e554f7,,,smc,,Tech,Image Treatment,Image Treatment,Article 2,4,Male,"$10,000-$24,999",Android Phone / Tablet,West South Central,30-44
12842465597,407651576,07/24/2021 12:11:34 PM,07/24/2021 12:12:04 PM,,,,,328d015751688bf0b0e7cbc458,,,smc,,Travel,Image Treatment,Text Treatment,Article 1,8,Male,"$50,000-$74,999",iOS Phone / Tablet,South Atlantic,30-44
12842462983,407651576,07/24/2021 12:07:47 PM,07/24/2021 12:08:56 PM,,,,,dca6c614f86bff17876c824bf4,,,smc,,None,Image Treatment,Image Treatment,Article 1,6,Female,"$25,000-$49,999",Android Phone / Tablet,East South Central,30-44
12842456034,407651576,07/24/2021 12:00:14 PM,07/24/2021 12:00:39 PM,,,,,c5572e531c083280d2c0cda7da,,,smc,,Travel,Text Treatment,Text and Image Treatment,Article 1,2,Female,"$100,000-$124,999",iOS Phone / Tablet,South Atlantic,30-44
12842450259,407651576,07/24/2021 11:52:19 AM,07/24/2021 11:53:37 AM,,,,,deaec40755188174b0bd32ebbe,,,smc,,Other,Image Treatment,Control,Article 2,8,Male,"$25,000-$49,999",Android Phone / Tablet,East North Central,18-29
12842444936,407651576,07/24/2021 11:46:23 AM,07/24/2021 11:47:11 AM,,,,,4fcce6b6f658463cfef6a71cca,,,smc,,Business,Text Treatment,Image Treatment,Article 1,7,Female,"$50,000-$74,999",Android Phone / Tablet,East North Central,> 60
12842444712,407651576,07/24/2021 11:46:33 AM,07/24/2021 11:46:57 AM,,,,,992f2f633a30c8a53547eaf8f8,,,smc,,Other,Text Treatment,Text and Image Treatment,Article 1,8,Female,"$50,000-$74,999",iOS Phone / Tablet,West North Central,30-44
12842441736,407651576,07/24/2021 11:42:50 AM,07/24/2021 11:43:21 AM,,,,,261e2246ec0fd2edf6cf00cf7b,,,smc,,Sports,Control,Image Treatment,Article 1,5,Female,"$50,000-$74,999",iOS Phone / Tablet,Middle Atlantic,18-29
12842441657,407651576,07/24/2021 11:42:45 AM,07/24/2021 11:43:17 AM,,,,,bdb054169a85e16f3c6bfb466a,,,smc,,Sports,Control,Text Treatment,Article 2,6,Female,"$10,000-$24,999",iOS Phone / Tablet,South Atlantic,18-29
12842439549,407651576,07/24/2021 11:40:30 AM,07/24/2021 11:40:49 AM,,,,,53bc02ef438a08d0bd121b4261,,,smc,,Politics,Control,Image Treatment,Article 1,6,Female,"$50,000-$74,999",iOS Phone / Tablet,Pacific,18-29
12842431939,407651576,07/24/2021 11:31:06 AM,07/24/2021 11:31:45 AM,,,,,35a156ba5410714e2e8bcd1091,,,smc,,Tech,Text and Image Treatment,Text Treatment,Article 2,5,Female,"$75,000-$99,999",iOS Phone / Tablet,South Atlantic,30-44
12842431031,407651576,07/24/2021 11:30:24 AM,07/24/2021 11:30:43 AM,,,,,78ec036d0569e583836d2325f5,,,smc,,Tech,Control,Text and Image Treatment,Article 2,9,Male,"$50,000-$74,999",Android Phone / Tablet,West North Central,30-44
12842428699,407651576,07/24/2021 11:27:12 AM,07/24/2021 11:27:56 AM,,,,,d843f0eb4ea4b3fcfe48baaf5b,,,smc,,Sports,Text Treatment,Text and Image Treatment,Article 2,6,Male,"$100,000-$124,999",iOS Phone / Tablet,West South Central,30-44
12842428362,407651576,07/24/2021 11:27:09 AM,07/24/2021 11:27:29 AM,,,,,6d2146532e69198c1958cf8157,,,smc,,Art,Text and Image Treatment,Control,Article 2,2,Female,"$50,000-$74,999",Android Phone / Tablet,West North Central,30-44
12842428100,407651576,07/24/2021 11:26:36 AM,07/24/2021 11:27:10 AM,,,,,999da2466d236830e7a16e1211,,,smc,,Tech,Text and Image Treatment,Control,Article 1,5,Male,Prefer not to answer,Android Phone / Tablet,Pacific,18-29
12842424939,407651576,07/24/2021 11:22:50 AM,07/24/2021 11:23:26 AM,,,,,0f8ffc9fab408192d72ced8bf8,,,smc,,Politics,Text and Image Treatment,Image Treatment,Article 1,10,Female,"$25,000-$49,999",Android Phone / Tablet,East South Central,> 60
12842422420,407651576,07/24/2021 11:19:53 AM,07/24/2021 11:20:22 AM,,,,,fe44e52d2b2bbb196f35298ab6,,,smc,,Sports,Text Treatment,Text Treatment,Article 1,8,Female,"$10,000-$24,999",Android Phone / Tablet,West South Central,30-44
12842417889,407651576,07/24/2021 11:14:45 AM,07/24/2021 11:15:13 AM,,,,,08b2b019f142ddceafc2e619a9,,,smc,,Politics,Text Treatment,Text and Image Treatment,Article 1,8,Female,"$50,000-$74,999",iOS Phone / Tablet,Mountain,45-60
12842412318,407651576,07/24/2021 10:31:28 AM,07/24/2021 11:09:02 AM,,,,,0618461bac4b3e062150b1a05d,,,smc,,Business,Text Treatment,Text Treatment,Article 1,8,Male,"$25,000-$49,999",Windows Desktop / Laptop,Pacific,> 60
12842409017,407651576,07/24/2021 11:04:48 AM,07/24/2021 11:05:26 AM,,,,,306cdafd414e84ef778f23493a,,,smc,,Business,Image Treatment,Text and Image Treatment,Article 2,6,Female,"$10,000-$24,999",iOS Phone / Tablet,South Atlantic,30-44
12842403071,407651576,07/24/2021 10:58:45 AM,07/24/2021 10:59:08 AM,,,,,89fd091b0149aacc10f913c2b5,,,smc,,Other,Text and Image Treatment,Text Treatment,Article 2,7,Female,"$50,000-$74,999",Android Phone / Tablet,East South Central,30-44
12842402679,407651576,07/24/2021 10:58:15 AM,07/24/2021 10:58:44 AM,,,,,8c5a2767413c4e4b75d3b55289,,,smc,,Travel,Control,Control,Article 1,5,Female,"$25,000-$49,999",Android Phone / Tablet,Pacific,30-44
12842401947,407651576,07/24/2021 10:57:30 AM,07/24/2021 10:57:56 AM,,,,,a75bc3edb9c4563d470533e5ef,,,smc,,Politics,Control,Image Treatment,Article 2,7,Female,"$0-$9,999",iOS Phone / Tablet,South Atlantic,18-29
12842399986,407651576,07/24/2021 10:55:10 AM,07/24/2021 10:55:53 AM,,,,,57f261c498f00c9bd5098782eb,,,smc,,Tech,Text Treatment,Text Treatment,Article 1,3,Female,Prefer not to answer,Android Phone / Tablet,East North Central,18-29
12842394754,407651576,07/24/2021 10:50:14 AM,07/24/2021 10:50:28 AM,,,,,4dfde7c1c688eb51f71b2b6d14,,,smc,,Sports,Image Treatment,Text and Image Treatment,Article 2,8,Female,Prefer not to answer,iOS Phone / Tablet,Middle Atlantic,18-29
12842394284,407651576,07/24/2021 10:49:33 AM,07/24/2021 10:50:01 AM,,,,,605bccd0854e65df4565bbe992,,,smc,,Art,Text Treatment,Text and Image Treatment,Article 2,5,Female,"$10,000-$24,999",Android Phone / Tablet,Pacific,18-29
12842390378,407651576,07/24/2021 10:45:25 AM,07/24/2021 10:45:54 AM,,,,,ae23a4c7b4b59806bdde62fa63,,,smc,,Politics,Text and Image Treatment,Control,Article 2,8,Female,"$50,000-$74,999",Android Phone / Tablet,East North Central,45-60
12842388612,407651576,07/24/2021 10:43:40 AM,07/24/2021 10:44:09 AM,,,,,ee1f5e97a984b58d740d7f074e,,,smc,,Business,Control,Image Treatment,Article 2,5,Male,"$125,000-$149,999",iOS Phone / Tablet,West South Central,45-60
12842387696,407651576,07/24/2021 10:42:36 AM,07/24/2021 10:43:13 AM,,,,,4e9ba525e1a0fd916246a04b70,,,smc,,Business,Control,Text Treatment,Article 1,8,Female,"$50,000-$74,999",Android Phone / Tablet,South Atlantic,18-29
12842381267,407651576,07/24/2021 10:35:33 AM,07/24/2021 10:36:37 AM,,,,,00a752b7836aaad309dfd08701,,,smc,,Art,Text and Image Treatment,Control,Article 1,6,Female,"$10,000-$24,999",Android Phone / Tablet,South Atlantic,45-60
12842381264,407651576,07/24/2021 10:35:53 AM,07/24/2021 10:36:36 AM,,,,,ddeb173a3796f60e0730a91737,,,smc,,Other,Image Treatment,Text and Image Treatment,Article 2,5,Female,"$10,000-$24,999",Android Phone / Tablet,New England,30-44
12842373689,407651576,07/24/2021 10:27:51 AM,07/24/2021 10:28:31 AM,,,,,8d688e024c0f306dfb36b82172,,,smc,,Art,Control,Image Treatment,Article 1,1,Female,"$10,000-$24,999",Android Phone / Tablet,South Atlantic,18-29
12842372681,407651576,07/24/2021 10:26:47 AM,07/24/2021 10:27:31 AM,,,,,bfc535aade0cedce33bda1e465,,,smc,,Business,Control,Image Treatment,Article 2,1,Male,"$25,000-$49,999",iOS Phone / Tablet,South Atlantic,18-29
12842370097,407651576,07/24/2021 10:23:36 AM,07/24/2021 10:24:49 AM,,,,,dc915f233bb3ff5a81ecda7189,,,smc,,Politics,Text Treatment,Text and Image Treatment,Article 1,9,Male,"$200,000+",Windows Desktop / Laptop,South Atlantic,> 60
12842365719,407651576,07/24/2021 10:19:49 AM,07/24/2021 10:20:07 AM,,,,,980a3a0892f298aca058f2377a,,,smc,,Sports,Text and Image Treatment,Control,Article 2,1,Male,"$10,000-$24,999",iOS Phone / Tablet,Pacific,18-29
12842360261,407651576,07/24/2021 10:13:59 AM,07/24/2021 10:14:19 AM,,,,,d66f414a18a04b1b66dad713de,,,smc,,Tech,Text Treatment,Text Treatment,Article 2,6,Male,"$150,000-$174,999",iOS Phone / Tablet,Middle Atlantic,45-60
12842359245,407651576,07/24/2021 10:12:49 AM,07/24/2021 10:13:17 AM,,,,,258a1edc4a3b66f71a379363d4,,,smc,,Other,Text and Image Treatment,Control,Article 2,1,Female,"$100,000-$124,999",iOS Phone / Tablet,Pacific,30-44
12842357945,407651576,07/24/2021 10:11:35 AM,07/24/2021 10:11:53 AM,,,,,9aee843782a27156c85fe64759,,,smc,,Tech,Text and Image Treatment,Text and Image Treatment,Article 2,7,Male,"$50,000-$74,999",Android Phone / Tablet,East South Central,18-29
12842343758,407651576,07/24/2021 09:57:29 AM,07/24/2021 09:57:40 AM,,,,,e945547e84e993a66d24f1f709,,,smc,,Sports,Image Treatment,Text and Image Treatment,Article 2,7,Female,"$10,000-$24,999",iOS Phone / Tablet,Middle Atlantic,18-29
12842328718,407651576,07/24/2021 09:42:32 AM,07/24/2021 09:43:00 AM,,,,,cc783e63b1e637762d6be78930,,,smc,,Travel,Control,Image Treatment,Article 1,3,Female,"$50,000-$74,999",iOS Phone / Tablet,West North Central,30-44
12842328432,407651576,07/24/2021 09:42:32 AM,07/24/2021 09:42:44 AM,,,,,a86f78e57f6b16868be5f5790b,,,smc,,Travel,Text Treatment,Text and Image Treatment,Article 2,6,Female,"$50,000-$74,999",iOS Phone / Tablet,East South Central,18-29
12842328093,407651576,07/24/2021 09:42:07 AM,07/24/2021 09:42:25 AM,,,,,367f5af0e090548a25ea67a32e,,,smc,,Politics,Image Treatment,Control,Article 2,4,Male,"$125,000-$149,999",Android Phone / Tablet,South Atlantic,18-29
12842327416,407651576,07/24/2021 09:41:09 AM,07/24/2021 09:41:45 AM,,,,,c0220e1923400e01861b8abec9,,,smc,,Travel,Text Treatment,Text and Image Treatment,Article 2,7,Female,"$50,000-$74,999",Android Phone / Tablet,West South Central,45-60
12842324843,407651576,07/24/2021 09:38:44 AM,07/24/2021 09:39:21 AM,,,,,cb3269d74e1918f9aebcd628f1,,,smc,,Art,Control,Image Treatment,Article 1,10,Male,Prefer not to answer,iOS Phone / Tablet,South Atlantic,> 60
12842317933,407651576,07/24/2021 09:32:05 AM,07/24/2021 09:32:36 AM,,,,,c739a84e373c1e7d3141f52f53,,,smc,,Art,Image Treatment,Image Treatment,Article 2,8,Female,Prefer not to answer,Android Phone / Tablet,Pacific,18-29
12842317667,407651576,07/24/2021 09:31:46 AM,07/24/2021 09:32:22 AM,,,,,9c6113076169e99e3c25875099,,,smc,,Other,Image Treatment,Text Treatment,Article 1,7,Female,"$10,000-$24,999",Android Phone / Tablet,East North Central,> 60
12842314938,407651576,07/24/2021 09:29:18 AM,07/24/2021 09:29:52 AM,,,,,b925ec4066b482bbd3190369b8,,,smc,,Travel,Text and Image Treatment,Image Treatment,Article 1,8,Female,"$25,000-$49,999",iOS Phone / Tablet,New England,30-44
12842314037,407651576,07/24/2021 09:28:23 AM,07/24/2021 09:29:00 AM,,,,,72dd9208cc3f5b5f00e96a124b,,,smc,,Other,Control,Control,Article 2,10,Male,"$25,000-$49,999",Android Phone / Tablet,East South Central,> 60
12842296048,407651576,07/24/2021 09:12:02 AM,07/24/2021 09:12:18 AM,,,,,ede0345b91c6e0160575c4e0f3,,,smc,,Other,Control,Image Treatment,Article 2,5,Male,"$10,000-$24,999",Android Phone / Tablet,Middle Atlantic,30-44
12842295977,407651576,07/24/2021 09:11:40 AM,07/24/2021 09:12:15 AM,,,,,2fb8d0edd9484fbcc77df0a673,,,smc,,Business,Image Treatment,Text and Image Treatment,Article 2,6,Male,"$50,000-$74,999",iOS Phone / Tablet,Mountain,18-29
12842294435,407651576,07/24/2021 09:10:43 AM,07/24/2021 09:10:53 AM,,,,,a39a148e3da371814b9a74723a,,,smc,,Sports,Control,Control,Article 1,5,Male,"$125,000-$149,999",iOS Phone / Tablet,South Atlantic,18-29
12842280772,407651576,07/24/2021 08:57:52 AM,07/24/2021 08:58:10 AM,,,,,4731291ecdba04ebab42d356bf,,,smc,,Art,Text Treatment,Image Treatment,Article 1,5,Female,"$0-$9,999",iOS Phone / Tablet,Pacific,18-29
12842279496,407651576,07/24/2021 08:56:49 AM,07/24/2021 08:56:59 AM,,,,,e83086ff524da59959c542ff59,,,smc,,Travel,Text and Image Treatment,Image Treatment,Article 1,5,Male,"$100,000-$124,999",Android Phone / Tablet,Pacific,30-44
12842267420,407651576,07/24/2021 08:45:02 AM,07/24/2021 08:45:39 AM,,,,,4b7430a3b7aa66c367ffaf4bee,,,smc,,Other,Text Treatment,Control,Article 1,5,Female,"$50,000-$74,999",iOS Phone / Tablet,East North Central,18-29
12842266667,407651576,07/24/2021 08:42:50 AM,07/24/2021 08:44:57 AM,,,,,99838b99d58ce1bb8c266ba277,,,smc,,Travel,Image Treatment,Image Treatment,Article 1,10,Female,"$10,000-$24,999",Android Phone / Tablet,West South Central,30-44
12842263479,407651576,07/24/2021 08:41:43 AM,07/24/2021 08:42:07 AM,,,,,d319ae689b70f923200cfdb489,,,smc,,Sports,Text and Image Treatment,Image Treatment,Article 2,4,Male,"$25,000-$49,999",iOS Phone / Tablet,West North Central,30-44
12842247558,407651576,07/24/2021 08:27:46 AM,07/24/2021 08:28:08 AM,,,,,a0db10031cc2f0961c9549d623,,,smc,,Politics,Control,Text and Image Treatment,Article 1,6,Female,"$200,000+",iOS Phone / Tablet,Middle Atlantic,30-44
12842245832,407651576,07/24/2021 08:26:25 AM,07/24/2021 08:26:36 AM,,,,,4c43702b7cae698bce457ca243,,,smc,,Politics,Image Treatment,Image Treatment,Article 1,7,Male,"$25,000-$49,999",iOS Phone / Tablet,South Atlantic,30-44
12842245019,407651576,07/24/2021 08:24:53 AM,07/24/2021 08:25:49 AM,,,,,2db8d6f39ffe29bbedc1640f34,,,smc,,Politics,Image Treatment,Image Treatment,Article 2,9,Female,"$50,000-$74,999",iOS Phone / Tablet,West South Central,30-44
12842227094,407651576,07/24/2021 08:09:12 AM,07/24/2021 08:10:08 AM,,,,,da89bd982f0d706e0fa9eccfff,,,smc,,Travel,Control,Control,Article 1,8,Female,"$25,000-$49,999",iOS Phone / Tablet,Pacific,18-29
12842208549,407651576,07/24/2021 07:53:32 AM,07/24/2021 07:54:07 AM,,,,,c83bc0caff26f4c3af5b8eb020,,,smc,,Tech,Image Treatment,Image Treatment,Article 2,8,Female,"$25,000-$49,999",iOS Phone / Tablet,West South Central,30-44
12842171067,407651576,07/24/2021 07:19:56 AM,07/24/2021 07:20:32 AM,,,,,146c6bc98a1590c842bec4cc2a,,,smc,,Business,Image Treatment,Text Treatment,Article 2,8,Female,Prefer not to answer,iOS Phone / Tablet,West South Central,18-29
12842159484,407651576,07/24/2021 07:09:10 AM,07/24/2021 07:10:25 AM,,,,,7860120ee187b989f332e6c917,,,smc,,Travel,Image Treatment,Text and Image Treatment,Article 1,10,Female,"$25,000-$49,999",iOS Phone / Tablet,Middle Atlantic,45-60
12842027913,407651576,07/24/2021 05:04:33 AM,07/24/2021 05:05:07 AM,,,,,cb13466e5bbd1960fb25d384c4,,,smc,,None,Control,Control,Article 2,1,Female,"$25,000-$49,999",Android Phone / Tablet,West South Central,30-44
12842007451,407651576,07/24/2021 04:43:40 AM,07/24/2021 04:43:50 AM,,,,,5f3a4637467732176b2096a9ab,,,smc,,Art,Text Treatment,Image Treatment,Article 1,8,Female,"$50,000-$74,999",iOS Phone / Tablet,East North Central,18-29
12842000880,407651576,07/24/2021 04:36:15 AM,07/24/2021 04:36:46 AM,,,,,b97f529de020593b988ef96e66,,,smc,,Art,Text Treatment,Text and Image Treatment,Article 2,3,Female,"$25,000-$49,999",Android Phone / Tablet,East North Central,45-60
12842000769,407651576,07/24/2021 04:36:04 AM,07/24/2021 04:36:41 AM,,,,,f6db731e195bad206a9fbd1b66,,,smc,,Art,Text and Image Treatment,Text and Image Treatment,Article 2,6,Female,"$75,000-$99,999",MacOS Desktop / Laptop,Mountain,> 60
12841999765,407651576,07/24/2021 04:34:34 AM,07/24/2021 04:35:34 AM,,,,,f123602d541ab817dbf55b898b,,,smc,,Travel,Image Treatment,Text and Image Treatment,Article 1,3,Male,"$100,000-$124,999",iOS Phone / Tablet,Middle Atlantic,> 60
12841993727,407651576,07/24/2021 04:28:16 AM,07/24/2021 04:29:09 AM,,,,,97166253c0ed458659db167560,,,smc,,Other,Control,Text and Image Treatment,Article 1,8,Female,"$25,000-$49,999",iOS Phone / Tablet,West South Central,45-60
12841990648,407651576,07/24/2021 04:25:02 AM,07/24/2021 04:25:44 AM,,,,,edb785fe854218bcb712c616e3,,,smc,,Business,Image Treatment,Text Treatment,Article 1,8,Male,"$75,000-$99,999",iOS Phone / Tablet,East South Central,> 60
12841986037,407651576,07/24/2021 04:19:27 AM,07/24/2021 04:20:32 AM,,,,,53ecba33a3f43926c1550c9aa4,,,smc,,Politics,Text Treatment,Control,Article 1,8,Female,"$25,000-$49,999",iOS Phone / Tablet,West North Central,> 60
12841981165,407651576,07/24/2021 04:14:46 AM,07/24/2021 04:15:29 AM,,,,,d1820f5489f7068c929e2f405a,,,smc,,Sports,Text Treatment,Image Treatment,Article 1,6,Male,"$150,000-$174,999",Windows Desktop / Laptop,New England,> 60
12841978683,407651576,07/24/2021 04:11:55 AM,07/24/2021 04:12:39 AM,,,,,7fb41a3e539aeee1bd4d87ea40,,,smc,,Other,Text and Image Treatment,Image Treatment,Article 2,7,Male,"$125,000-$149,999",Android Phone / Tablet,East North Central,30-44
12841977781,407651576,07/24/2021 04:10:51 AM,07/24/2021 04:11:38 AM,,,,,eee0a5aa658480a63d918b4512,,,smc,,Business,Text and Image Treatment,Image Treatment,Article 2,9,Female,"$25,000-$49,999",iOS Phone / Tablet,South Atlantic,> 60
12841975507,407651576,07/24/2021 04:08:51 AM,07/24/2021 04:08:57 AM,,,,,7e6520cd4c0361b8035326498f,,,smc,,Politics,Text and Image Treatment,Image Treatment,Article 2,5,Female,"$25,000-$49,999",iOS Phone / Tablet,East North Central,18-29
12841972050,407651576,07/24/2021 04:04:19 AM,07/24/2021 04:04:59 AM,,,,,7e5acda7432c1ec8b8e304c2af,,,smc,,Travel,Text and Image Treatment,Text and Image Treatment,Article 1,5,Male,"$100,000-$124,999",Windows Desktop / Laptop,Middle Atlantic,> 60
12841970625,407651576,07/24/2021 04:02:29 AM,07/24/2021 04:03:16 AM,,,,,e30c0ec260e5085f2c59e84b60,,,smc,,Travel,Text and Image Treatment,Text Treatment,Article 2,8,Female,"$25,000-$49,999",Android Phone / Tablet,South Atlantic,> 60
12841963734,407651576,07/24/2021 03:54:36 AM,07/24/2021 03:55:30 AM,,,,,67baf4b40bf978d1cba8724f33,,,smc,,Business,Control,Control,Article 2,10,Male,"$150,000-$174,999",iOS Phone / Tablet,East North Central,> 60
12841963680,407651576,07/24/2021 03:54:22 AM,07/24/2021 03:55:26 AM,,,,,506fdf524e152da88e652bb38b,,,smc,,None,Text Treatment,Image Treatment,Article 2,1,Female,"$50,000-$74,999",iOS Phone / Tablet,Middle Atlantic,45-60
12841949255,407651576,07/24/2021 03:37:41 AM,07/24/2021 03:38:28 AM,,,,,2017f74570d617960a76316c74,,,smc,,Travel,Text and Image Treatment,Image Treatment,Article 1,6,Female,"$75,000-$99,999",iOS Phone / Tablet,West North Central,45-60
12841949110,407651576,07/24/2021 03:37:34 AM,07/24/2021 03:38:20 AM,,,,,29e3de2d887f98c6c92892e448,,,smc,,Politics,Control,Text and Image Treatment,Article 1,9,Female,"$75,000-$99,999",iOS Phone / Tablet,East North Central,> 60
12841946570,407651576,07/24/2021 03:34:50 AM,07/24/2021 03:35:23 AM,,,,,e19d200bd6527432a3d413422d,,,smc,,Politics,Control,Text Treatment,Article 1,5,Male,"$10,000-$24,999",iOS Phone / Tablet,South Atlantic,45-60
12841946270,407651576,07/24/2021 03:34:47 AM,07/24/2021 03:35:03 AM,,,,,fe616768bc986f240657ab6d7f,,,smc,,Art,Control,Text and Image Treatment,Article 2,7,Male,"$200,000+",iOS Phone / Tablet,New England,45-60
12841944540,407651576,07/24/2021 03:32:46 AM,07/24/2021 03:33:08 AM,,,,,74fe068870a5237dfe7f3120ea,,,smc,,Travel,Control,Control,Article 2,7,Female,"$25,000-$49,999",Android Phone / Tablet,Pacific,30-44
12841942038,407651576,07/24/2021 03:29:36 AM,07/24/2021 03:30:15 AM,,,,,1e1e9186981e905e1d44869845,,,smc,,Travel,Text and Image Treatment,Image Treatment,Article 1,8,Female,Prefer not to answer,Android Phone / Tablet,South Atlantic,> 60
12841937971,407651576,07/24/2021 03:24:43 AM,07/24/2021 03:25:23 AM,,,,,ef371815482607fb749e8b2f31,,,smc,,Business,Image Treatment,Text and Image Treatment,Article 1,8,Male,"$200,000+",iOS Phone / Tablet,Pacific,45-60
12841934847,407651576,07/24/2021 03:21:09 AM,07/24/2021 03:21:43 AM,,,,,0ec843e8c27a769de352f2be3a,,,smc,,Tech,Control,Control,Article 2,7,Female,Prefer not to answer,iOS Phone / Tablet,Mountain,> 60
12841929231,407651576,07/24/2021 03:14:35 AM,07/24/2021 03:15:09 AM,,,,,50b6299eeab6a4de28700f20a6,,,smc,,Art,Text and Image Treatment,Text Treatment,Article 2,2,Male,"$75,000-$99,999",Android Phone / Tablet,West North Central,45-60
12841922381,407651576,07/24/2021 03:06:34 AM,07/24/2021 03:07:18 AM,,,,,2ad92536fe8586bc29402cc18b,,,smc,,Business,Image Treatment,Control,Article 2,8,Male,"$50,000-$74,999",Android Phone / Tablet,East North Central,45-60
12841922130,407651576,07/24/2021 03:06:25 AM,07/24/2021 03:06:57 AM,,,,,1c8172d12c149b35899b730b72,,,smc,,Politics,Text and Image Treatment,Text Treatment,Article 1,6,Male,"$50,000-$74,999",Android Phone / Tablet,East South Central,30-44
12841921906,407651576,07/24/2021 03:20:31 AM,07/24/2021 03:20:57 AM,,,,,85ef329919f7e1802152deb4a5,,,smc,,Sports,Text and Image Treatment,Text and Image Treatment,Article 1,7,Male,"$10,000-$24,999",Android Phone / Tablet,Middle Atlantic,30-44
12841920351,407651576,07/24/2021 03:04:04 AM,07/24/2021 03:04:58 AM,,,,,937d31ca56fc2d60171441a44a,,,smc,,Travel,Text and Image Treatment,Text Treatment,Article 1,8,Female,"$25,000-$49,999",Android Phone / Tablet,East North Central,45-60
12841919798,407651576,07/24/2021 03:04:08 AM,07/24/2021 03:04:19 AM,,,,,7f3770be269508f66606d69024,,,smc,,Sports,Control,Image Treatment,Article 1,4,Female,"$25,000-$49,999",iOS Phone / Tablet,East North Central,45-60
12841914601,407651576,07/24/2021 02:57:46 AM,07/24/2021 02:58:20 AM,,,,,7fe802ef2c1b53663b9d446c56,,,smc,,Travel,Text and Image Treatment,Image Treatment,Article 1,6,Female,"$25,000-$49,999",iOS Phone / Tablet,South Atlantic,30-44
12841912871,407651576,07/24/2021 02:55:32 AM,07/24/2021 02:56:20 AM,,,,,7039f4f7d10ff0834bd9e384ab,,,smc,,Politics,Control,Text Treatment,Article 1,8,Female,"$25,000-$49,999",iOS Phone / Tablet,South Atlantic,> 60
12841912785,407651576,07/24/2021 02:55:24 AM,07/24/2021 02:56:13 AM,,,,,db6b344924989b0a094f1df6c5,,,smc,,Politics,Text Treatment,Text and Image Treatment,Article 2,10,Male,"$25,000-$49,999",Other,Middle Atlantic,> 60
12841906621,407651576,07/24/2021 02:47:26 AM,07/24/2021 02:48:51 AM,,,,,86042e1e8403a5f7ea103e3885,,,smc,,Sports,Text and Image Treatment,Text Treatment,Article 1,8,Female,"$25,000-$49,999",Android Phone / Tablet,Pacific,> 60
12841904273,407651576,07/24/2021 02:45:34 AM,07/24/2021 02:46:10 AM,,,,,478c2717aab7ecdc0f69cebbe6,,,smc,,None,Text and Image Treatment,Text and Image Treatment,Article 2,2,Male,"$50,000-$74,999",iOS Phone / Tablet,South Atlantic,45-60
12841901573,407651576,07/24/2021 02:41:42 AM,07/24/2021 02:43:00 AM,,,,,6dda0622a935ae598914228be0,,,smc,,Tech,Control,Control,Article 1,3,Female,"$10,000-$24,999",iOS Phone / Tablet,South Atlantic,> 60
12841894153,407651576,07/24/2021 02:33:52 AM,07/24/2021 02:34:37 AM,,,,,8ed317a81ccb30773feff96b8e,,,smc,,Tech,Text and Image Treatment,Control,Article 2,2,Male,"$25,000-$49,999",iOS Phone / Tablet,East South Central,30-44
12841891216,407651576,07/24/2021 02:30:28 AM,07/24/2021 02:31:23 AM,,,,,a8dce6f7ed4a846c10bf0ae972,,,smc,,Politics,Text Treatment,Text and Image Treatment,Article 1,10,Female,"$10,000-$24,999",iOS Phone / Tablet,East South Central,45-60
12841886546,407651576,07/24/2021 02:24:44 AM,07/24/2021 02:26:05 AM,,,,,339c5aa9430b1724c764eaf105,,,smc,,Other,Text and Image Treatment,Text Treatment,Article 1,6,Male,"$50,000-$74,999",Android Phone / Tablet,West South Central,> 60
12841885642,407651576,07/24/2021 02:24:47 AM,07/24/2021 02:24:58 AM,,,,,6f7ad0df45343317853c8e4e54,,,smc,,Sports,Text and Image Treatment,Control,Article 1,5,Male,"$0-$9,999",iOS Phone / Tablet,South Atlantic,> 60
12841885412,407651576,07/24/2021 02:24:06 AM,07/24/2021 02:24:43 AM,,,,,5744f0b18f0314dc035ec528c9,,,smc,,Other,Text and Image Treatment,Text Treatment,Article 1,10,Female,"$50,000-$74,999",iOS Phone / Tablet,Pacific,30-44
12841884829,407651576,07/24/2021 02:23:08 AM,07/24/2021 02:24:00 AM,,,,,2ca794360da3810a58613cf43e,,,smc,,Other,Control,Text and Image Treatment,Article 2,10,Female,"$75,000-$99,999",Android Phone / Tablet,East North Central,> 60
12841878625,407651576,07/24/2021 02:15:36 AM,07/24/2021 02:16:23 AM,,,,,f5438702184cba2f7bcfd3764e,,,smc,,Tech,Control,Text and Image Treatment,Article 1,5,Male,"$150,000-$174,999",Android Phone / Tablet,South Atlantic,45-60
12841878506,407651576,07/24/2021 02:15:37 AM,07/24/2021 02:16:16 AM,,,,,3aba982ebdb0a68cd5b20db3d8,,,smc,,Sports,Text Treatment,Text and Image Treatment,Article 1,3,Female,"$25,000-$49,999",Android Phone / Tablet,Mountain,45-60
12841873567,407651576,07/24/2021 02:08:39 AM,07/24/2021 02:09:06 AM,,,,,176f1c65c97b8f889f3ee84436,,,smc,,None,Control,Image Treatment,Article 2,1,,,,,
12841873558,407651576,07/24/2021 02:08:39 AM,07/24/2021 02:09:06 AM,,,,,176f1c65c97b8f889f3ee84436,,,smc,,None,Control,Image Treatment,Article 2,1,,,,,
12841873546,407651576,07/24/2021 02:08:39 AM,07/24/2021 02:09:06 AM,,,,,176f1c65c97b8f889f3ee84436,,,smc,,None,Control,Image Treatment,Article 2,1,,,,,
12841873529,407651576,07/24/2021 02:08:39 AM,07/24/2021 02:09:06 AM,,,,,176f1c65c97b8f889f3ee84436,,,smc,,None,Control,Image Treatment,Article 2,1,,,,,
12841873521,407651576,07/24/2021 02:08:39 AM,07/24/2021 02:09:06 AM,,,,,176f1c65c97b8f889f3ee84436,,,smc,,None,Control,Image Treatment,Article 2,1,,,,,
12841873507,407651576,07/24/2021 02:08:39 AM,07/24/2021 02:09:06 AM,,,,,176f1c65c97b8f889f3ee84436,,,smc,,None,Control,Image Treatment,Article 2,1,,,,,
12841873497,407651576,07/24/2021 02:08:39 AM,07/24/2021 02:09:06 AM,,,,,176f1c65c97b8f889f3ee84436,,,smc,,None,Control,Image Treatment,Article 2,1,,,,,
12841873489,407651576,07/24/2021 02:08:39 AM,07/24/2021 02:09:06 AM,,,,,176f1c65c97b8f889f3ee84436,,,smc,,None,Control,Image Treatment,Article 2,1,,,,,
12841873478,407651576,07/24/2021 02:08:39 AM,07/24/2021 02:09:06 AM,,,,,176f1c65c97b8f889f3ee84436,,,smc,,None,Control,Image Treatment,Article 2,1,,,,,
12841873465,407651576,07/24/2021 02:08:39 AM,07/24/2021 02:09:06 AM,,,,,176f1c65c97b8f889f3ee84436,,,smc,,None,Control,Image Treatment,Article 2,1,,,,,
12841873453,407651576,07/24/2021 02:08:39 AM,07/24/2021 02:09:06 AM,,,,,176f1c65c97b8f889f3ee84436,,,smc,,None,Control,Image Treatment,Article 2,1,,,,,
12841873441,407651576,07/24/2021 02:08:39 AM,07/24/2021 02:09:06 AM,,,,,176f1c65c97b8f889f3ee84436,,,smc,,None,Control,Image Treatment,Article 2,1,,,,,
12841873427,407651576,07/24/2021 02:08:39 AM,07/24/2021 02:09:06 AM,,,,,176f1c65c97b8f889f3ee84436,,,smc,,None,Control,Image Treatment,Article 2,1,,,,,
12841873420,407651576,07/24/2021 02:08:39 AM,07/24/2021 02:09:06 AM,,,,,176f1c65c97b8f889f3ee84436,,,smc,,None,Control,Image Treatment,Article 2,1,,,,,
12841873406,407651576,07/24/2021 02:08:39 AM,07/24/2021 02:09:06 AM,,,,,176f1c65c97b8f889f3ee84436,,,smc,,None,Control,Image Treatment,Article 2,1,,,,,
12841873395,407651576,07/24/2021 02:08:39 AM,07/24/2021 02:09:06 AM,,,,,176f1c65c97b8f889f3ee84436,,,smc,,None,Control,Image Treatment,Article 2,1,,,,,
12841873386,407651576,07/24/2021 02:08:39 AM,07/24/2021 02:09:06 AM,,,,,176f1c65c97b8f889f3ee84436,,,smc,,None,Control,Image Treatment,Article 2,1,,,,,
12841873364,407651576,07/24/2021 02:08:39 AM,07/24/2021 02:09:06 AM,,,,,176f1c65c97b8f889f3ee84436,,,smc,,None,Control,Image Treatment,Article 2,1,,,,,
12841873332,407651576,07/24/2021 02:08:39 AM,07/24/2021 02:09:06 AM,,,,,176f1c65c97b8f889f3ee84436,,,smc,,None,Control,Image Treatment,Article 2,1,,,,,
12841873155,407651576,07/24/2021 02:08:39 AM,07/24/2021 02:09:06 AM,,,,,176f1c65c97b8f889f3ee84436,,,smc,,None,Control,Image Treatment,Article 2,1,Male,"$125,000-$149,999",iOS Phone / Tablet,Mountain,45-60
12841872987,407651576,07/24/2021 02:08:39 AM,07/24/2021 02:09:06 AM,,,,,176f1c65c97b8f889f3ee84436,,,smc,,None,Control,Image Treatment,Article 2,1,,,,,
12841872835,407651576,07/24/2021 02:08:39 AM,07/24/2021 02:09:06 AM,,,,,176f1c65c97b8f889f3ee84436,,,smc,,None,Control,Image Treatment,Article 2,1,,,,,
12841872672,407651576,07/24/2021 02:08:39 AM,07/24/2021 02:09:06 AM,,,,,176f1c65c97b8f889f3ee84436,,,smc,,None,Control,Image Treatment,Article 2,1,,,,,
12841872432,407651576,07/24/2021 02:08:39 AM,07/24/2021 02:09:06 AM,,,,,176f1c65c97b8f889f3ee84436,,,smc,,None,Control,Image Treatment,Article 2,1,,,,,
12841870341,407651576,07/24/2021 02:05:34 AM,07/24/2021 02:06:36 AM,,,,,112d35213aee050b972b92c4b1,,,smc,,Politics,Control,Image Treatment,Article 2,7,Female,"$75,000-$99,999",iOS Phone / Tablet,Pacific,> 60
12841865996,407651576,07/24/2021 02:00:22 AM,07/24/2021 02:01:00 AM,,,,,ff0cccc5631d2aa48f0cf0089d,,,smc,,Tech,Image Treatment,Control,Article 2,5,Male,"$0-$9,999",Android Phone / Tablet,West South Central,18-29
12841862750,407651576,07/24/2021 01:57:03 AM,07/24/2021 01:57:40 AM,,,,,665178eff69d1ac7654aff3ab7,,,smc,,Politics,Text Treatment,Control,Article 1,8,Female,"$25,000-$49,999",iOS Phone / Tablet,East North Central,> 60
12841862321,407651576,07/24/2021 01:56:14 AM,07/24/2021 01:57:11 AM,,,,,7a073dea1cb147e6abecea2bac,,,smc,,Travel,Control,Control,Article 1,4,Male,"$25,000-$49,999",Android Phone / Tablet,West South Central,45-60
12841855510,407651576,07/24/2021 01:48:47 AM,07/24/2021 01:49:20 AM,,,,,ee5136c872908d90b293ca285c,,,smc,,None,Text Treatment,Control,Article 2,4,Female,"$25,000-$49,999",Android Phone / Tablet,East North Central,45-60
12841852115,407651576,07/24/2021 01:45:02 AM,07/24/2021 01:45:24 AM,,,,,475649c856d292ad0d2a62320c,,,smc,,Tech,Text Treatment,Text and Image Treatment,Article 2,8,Male,"$125,000-$149,999",Android Phone / Tablet,Middle Atlantic,45-60
12841851916,407651576,07/24/2021 01:43:59 AM,07/24/2021 01:45:10 AM,,,,,c7528ca8b2e0107d58ea7c4550,,,smc,,Sports,Control,Control,Article 1,8,Female,"$25,000-$49,999",Android Phone / Tablet,South Atlantic,> 60
12841845194,407651576,07/24/2021 01:37:03 AM,07/24/2021 01:37:55 AM,,,,,846769f35aa774691236a5d9df,,,smc,,Travel,Text Treatment,Control,Article 1,2,Male,"$25,000-$49,999",Android Phone / Tablet,Middle Atlantic,> 60
12841840221,407651576,07/24/2021 01:32:20 AM,07/24/2021 01:32:55 AM,,,,,f0e797db69f99bc338a0afdb1c,,,smc,,Art,Image Treatment,Control,Article 2,9,Female,"$25,000-$49,999",iOS Phone / Tablet,Middle Atlantic,45-60
12841839598,407651576,07/24/2021 01:31:49 AM,07/24/2021 01:32:25 AM,,,,,cc06bb8a3fabf4dc953e6b5502,,,smc,,Politics,Control,Image Treatment,Article 1,7,Male,"$25,000-$49,999",Windows Desktop / Laptop,South Atlantic,> 60
12841835162,407651576,07/24/2021 01:28:10 AM,07/24/2021 01:28:46 AM,,,,,055a64cffea4aeb354c3594b5f,,,smc,,Tech,Image Treatment,Text and Image Treatment,Article 2,4,Male,"$25,000-$49,999",Android Phone / Tablet,Mountain,18-29
12841831114,407651576,07/24/2021 01:23:28 AM,07/24/2021 01:24:18 AM,,,,,ce2602725ef19130e736396efb,,,smc,,Other,Text and Image Treatment,Image Treatment,Article 2,5,Female,"$50,000-$74,999",iOS Phone / Tablet,South Atlantic,45-60
12841824238,407651576,07/24/2021 01:16:43 AM,07/24/2021 01:17:34 AM,,,,,99ffa44cea9c14297440b4ebe3,,,smc,,Travel,Text and Image Treatment,Text and Image Treatment,Article 1,3,Female,"$0-$9,999",Other,Mountain,45-60
12841821813,407651576,07/24/2021 01:14:43 AM,07/24/2021 01:15:13 AM,,,,,1e4c0c4c43ff27928b6771cbb2,,,smc,,Travel,Control,Text and Image Treatment,Article 1,5,Male,"$200,000+",Android Phone / Tablet,Pacific,45-60
12841816885,407651576,07/24/2021 01:09:45 AM,07/24/2021 01:10:22 AM,,,,,0a5937ba7e3fe3348be8360f9e,,,smc,,Other,Text Treatment,Text Treatment,Article 1,7,Female,"$0-$9,999",iOS Phone / Tablet,Pacific,18-29
12841816714,407651576,07/24/2021 01:09:42 AM,07/24/2021 01:10:13 AM,,,,,11fa06cc99b97935b1226bd9ca,,,smc,,Travel,Text Treatment,Text and Image Treatment,Article 1,7,Female,"$75,000-$99,999",iOS Phone / Tablet,Pacific,30-44
12841814708,407651576,07/24/2021 01:07:00 AM,07/24/2021 01:08:08 AM,,,,,beaaccc54bc8beac222ae012d3,,,smc,,Sports,Control,Control,Article 2,10,Female,"$25,000-$49,999",iOS Phone / Tablet,South Atlantic,45-60
12841813107,407651576,07/24/2021 01:05:57 AM,07/24/2021 01:06:30 AM,,,,,731b0c791b6bdbf7fb31ac82c7,,,smc,,Travel,Image Treatment,Control,Article 2,1,Male,"$10,000-$24,999",iOS Phone / Tablet,West North Central,45-60
12841807620,407651576,07/24/2021 01:00:37 AM,07/24/2021 01:01:02 AM,,,,,5e0fa84a350b7fdb702a8c5bdc,,,smc,,Politics,Text Treatment,Control,Article 1,4,Female,"$0-$9,999",Android Phone / Tablet,South Atlantic,45-60
12841803901,407651576,07/24/2021 12:56:16 AM,07/24/2021 12:56:51 AM,,,,,cb37d971eac91dfba07231696f,,,smc,,Sports,Text Treatment,Text and Image Treatment,Article 2,6,Male,"$100,000-$124,999",iOS Phone / Tablet,East North Central,> 60
12841801506,407651576,07/24/2021 12:52:59 AM,07/24/2021 12:53:52 AM,,,,,3ff72e5b5dfacdb6576568bde1,,,smc,,Politics,Text and Image Treatment,Text Treatment,Article 1,5,Female,"$10,000-$24,999",Windows Desktop / Laptop,Pacific,> 60
12841798273,407651576,07/24/2021 12:49:13 AM,07/24/2021 12:50:01 AM,,,,,996fbf961ffd9a4db7447699e8,,,smc,,Politics,Text and Image Treatment,Control,Article 1,10,Male,"$100,000-$124,999",Android Phone / Tablet,Pacific,> 60
12841792297,407651576,07/24/2021 12:41:49 AM,07/24/2021 12:42:39 AM,,,,,eadb2ddd62e04161d4921db8e7,,,smc,,Politics,Control,Control,Article 1,10,Female,"$75,000-$99,999",iOS Phone / Tablet,East South Central,> 60
12841792288,407651576,07/24/2021 12:41:18 AM,07/24/2021 12:42:39 AM,,,,,383d9eea6821a04f567664926f,,,smc,,Politics,Control,Text and Image Treatment,Article 1,5,Male,Prefer not to answer,Windows Desktop / Laptop,Pacific,> 60
12841785972,407651576,07/24/2021 12:34:29 AM,07/24/2021 12:34:50 AM,,,,,c4386878958e4cb39a223b8ff2,,,smc,,Sports,Control,Control,Article 1,3,Male,"$75,000-$99,999",Android Phone / Tablet,,45-60
12841785360,407651576,07/24/2021 12:33:16 AM,07/24/2021 12:34:04 AM,,,,,57cac912b53677858f46b7862d,,,smc,,Sports,Text and Image Treatment,Image Treatment,Article 2,8,Female,"$50,000-$74,999",Windows Desktop / Laptop,Mountain,> 60
12841780028,407651576,07/24/2021 12:26:41 AM,07/24/2021 12:27:19 AM,,,,,7da5c885bf7a42055c3e9e0b47,,,smc,,Politics,Image Treatment,Control,Article 1,8,Female,"$125,000-$149,999",MacOS Desktop / Laptop,Pacific,> 60
12841777520,407651576,07/24/2021 12:23:37 AM,07/24/2021 12:24:12 AM,,,,,7bab8ae5fc16e7fbf15edbd5dd,,,smc,,Travel,Text Treatment,Text and Image Treatment,Article 2,8,Male,"$0-$9,999",iOS Phone / Tablet,Middle Atlantic,18-29
12841777479,407651576,07/24/2021 12:23:31 AM,07/24/2021 12:24:10 AM,,,,,475fcb4396f9c21c0fec12388d,,,smc,,Tech,Text Treatment,Image Treatment,Article 1,10,Male,"$25,000-$49,999",Android Phone / Tablet,Mountain,30-44
12841772689,407651576,07/24/2021 12:17:07 AM,07/24/2021 12:17:47 AM,,,,,95c7a1748a7b7f35af751038e7,,,smc,,Art,Text Treatment,Text and Image Treatment,Article 2,7,Female,"$100,000-$124,999",Windows Desktop / Laptop,New England,> 60
12841770601,407651576,07/24/2021 12:14:20 AM,07/24/2021 12:14:59 AM,,,,,bc21ef7599c5847c4ab6d10f56,,,smc,,Other,Text Treatment,Image Treatment,Article 1,10,Male,"$50,000-$74,999",Android Phone / Tablet,Pacific,> 60
12841767838,407651576,07/24/2021 12:10:02 AM,07/24/2021 12:11:34 AM,,,,,e52ee88fdfb3493cb81f2d7474,,,smc,,Other,Text and Image Treatment,Text and Image Treatment,Article 2,7,Female,"$0-$9,999",iOS Phone / Tablet,East North Central,45-60
12841764407,407651576,07/24/2021 12:05:47 AM,07/24/2021 12:07:04 AM,,,,,3f6d0a0d1e0e525a3e2f55e0e8,,,smc,,Sports,Image Treatment,Image Treatment,Article 1,8,Male,"$200,000+",Windows Desktop / Laptop,West South Central,> 60
12841760870,407651576,07/24/2021 12:01:45 AM,07/24/2021 12:02:32 AM,,,,,7805714ea09db1aa8051ed301c,,,smc,,Travel,Image Treatment,Text and Image Treatment,Article 2,6,Female,"$100,000-$124,999",iOS Phone / Tablet,South Atlantic,45-60
12841758133,407651576,07/23/2021 11:58:09 PM,07/23/2021 11:59:02 PM,,,,,b130041522e2067b23b75c386a,,,smc,,Politics,Text Treatment,Text Treatment,Article 1,6,Male,Prefer not to answer,iOS Phone / Tablet,Mountain,> 60
12841753424,407651576,07/23/2021 11:52:08 PM,07/23/2021 11:52:54 PM,,,,,3c1e721ed45a8ba0d7f9d15096,,,smc,,Art,Image Treatment,Text Treatment,Article 1,8,Female,Prefer not to answer,iOS Phone / Tablet,Pacific,> 60
12841747502,407651576,07/23/2021 11:44:22 PM,07/23/2021 11:44:59 PM,,,,,6ad3b3c72cd44e15975b8683d5,,,smc,,Politics,Image Treatment,Image Treatment,Article 1,6,Male,"$50,000-$74,999",iOS Phone / Tablet,Pacific,45-60
12841746299,407651576,07/23/2021 11:43:15 PM,07/23/2021 11:43:24 PM,,,,,1e29a73bd1058d26ca89f35f66,,,smc,,Travel,Image Treatment,Text Treatment,Article 2,8,Female,"$10,000-$24,999",Android Phone / Tablet,Pacific,45-60
12841740385,407651576,07/23/2021 11:34:49 PM,07/23/2021 11:35:42 PM,,,,,e11a1410f100e3dae76ae0ad35,,,smc,,Politics,Image Treatment,Image Treatment,Article 1,8,Female,"$100,000-$124,999",iOS Phone / Tablet,East South Central,> 60
12841740013,407651576,07/23/2021 11:35:02 PM,07/23/2021 11:35:19 PM,,,,,3ad72031cfbbc07612b32c9499,,,smc,,Art,Image Treatment,Text Treatment,Article 2,9,Male,"$10,000-$24,999",Android Phone / Tablet,Pacific,45-60
12841730264,407651576,07/23/2021 11:22:49 PM,07/23/2021 11:23:08 PM,,,,,4d4f960098c38cf7f8f93e1965,,,smc,,Business,Image Treatment,Image Treatment,Article 1,9,Male,"$50,000-$74,999",iOS Phone / Tablet,Pacific,45-60
12841727217,407651576,07/23/2021 11:17:15 PM,07/23/2021 11:19:23 PM,,,,,6dc51483a604b7924e1442f3b7,,,smc,,Other,Control,Text Treatment,Article 1,2,Male,"$0-$9,999",Android Phone / Tablet,West North Central,18-29
12841727147,407651576,07/23/2021 11:18:02 PM,07/23/2021 11:19:19 PM,,,,,22d2d7becafbc4ee70afb941c2,,,smc,,Travel,Image Treatment,Text Treatment,Article 2,5,Female,"$125,000-$149,999",iOS Phone / Tablet,South Atlantic,45-60
12841726683,407651576,07/23/2021 11:17:54 PM,07/23/2021 11:18:48 PM,,,,,e90a580209d0f31fa4a93bdf4e,,,smc,,Politics,Control,Text and Image Treatment,Article 1,9,Female,"$25,000-$49,999",Windows Desktop / Laptop,South Atlantic,> 60
12841725657,407651576,07/23/2021 11:17:07 PM,07/23/2021 11:17:34 PM,,,,,e9da6cd26ce56422fb81a5cfeb,,,smc,,Sports,Control,Image Treatment,Article 2,6,Male,"$50,000-$74,999",iOS Phone / Tablet,Pacific,30-44
12841723259,407651576,07/23/2021 11:14:25 PM,07/23/2021 11:14:39 PM,,,,,47a5975d0b25e7b7361473c949,,,smc,,Politics,Control,Image Treatment,Article 1,5,Male,"$50,000-$74,999",iOS Phone / Tablet,Middle Atlantic,45-60
12841720070,407651576,07/23/2021 11:09:49 PM,07/23/2021 11:10:49 PM,,,,,b77746e2a1412c910f2b23f749,,,smc,,None,Text and Image Treatment,Image Treatment,Article 2,1,Female,"$25,000-$49,999",Windows Desktop / Laptop,East North Central,> 60
12841718019,407651576,07/23/2021 11:07:49 PM,07/23/2021 11:08:21 PM,,,,,cfa0f2af63ca83a4fc7d7b4a27,,,smc,,Sports,Image Treatment,Text Treatment,Article 2,8,Male,"$100,000-$124,999",iOS Phone / Tablet,Mountain,45-60
12841712140,407651576,07/23/2021 10:45:01 PM,07/23/2021 11:00:26 PM,,,,,6cb49dbbeb2b9a7f9320566475,,,smc,,Business,Text and Image Treatment,Text and Image Treatment,Article 2,10,Female,"$0-$9,999",iOS Phone / Tablet,West South Central,30-44
12841711812,407651576,07/23/2021 11:01:07 PM,07/23/2021 11:01:16 PM,,,,,904b4bbb882074717686941f0d,,,smc,,Tech,Image Treatment,Control,Article 1,9,Female,"$50,000-$74,999",iOS Phone / Tablet,Pacific,45-60
12841707034,407651576,07/23/2021 10:54:36 PM,07/23/2021 10:55:29 PM,,,,,03587c2db8c60e60829c7c8a7c,,,smc,,Tech,Text and Image Treatment,Control,Article 1,7,Male,"$50,000-$74,999",iOS Phone / Tablet,East North Central,45-60
12841705359,407651576,07/23/2021 10:53:03 PM,07/23/2021 10:53:51 PM,,,,,414a11fa1d55e0f76ee848fb52,,,smc,,Politics,Text Treatment,Control,Article 1,8,Female,Prefer not to answer,Android Phone / Tablet,Pacific,> 60
12841698968,407651576,07/23/2021 10:45:00 PM,07/23/2021 10:46:02 PM,,,,,f580f40553ac311a121fbf821f,,,smc,,Sports,Text Treatment,Text and Image Treatment,Article 1,8,Female,"$0-$9,999",iOS Phone / Tablet,Middle Atlantic,30-44
12841698919,407651576,07/23/2021 10:45:27 PM,07/23/2021 10:45:59 PM,,,,,3a4cb8c102bc7b7d81d2ed4a23,,,smc,,Tech,Text and Image Treatment,Control,Article 2,3,Male,"$50,000-$74,999",Android Phone / Tablet,New England,45-60
12841698798,407651576,07/23/2021 10:45:23 PM,07/23/2021 10:45:50 PM,,,,,28eb7db30a2a8100d3a6befc46,,,smc,,Business,Control,Control,Article 2,9,Female,"$100,000-$124,999",Android Phone / Tablet,West South Central,18-29
12841698555,407651576,07/23/2021 10:45:00 PM,07/23/2021 10:45:31 PM,,,,,2128df48f0d69726428b8b6d47,,,smc,,Travel,Image Treatment,Text Treatment,Article 1,6,Female,"$25,000-$49,999",Android Phone / Tablet,South Atlantic,30-44
12841698225,407651576,07/23/2021 10:44:37 PM,07/23/2021 10:45:05 PM,,,,,8cab6768f0f63af5b25cdc4086,,,smc,,Travel,Text and Image Treatment,Control,Article 2,7,Female,"$25,000-$49,999",Android Phone / Tablet,East North Central,45-60
12841698143,407651576,07/23/2021 10:44:23 PM,07/23/2021 10:44:59 PM,,,,,a0cd67ad6db3c0aef9babf882d,,,smc,,Tech,Control,Text and Image Treatment,Article 1,4,Male,"$0-$9,999",Android Phone / Tablet,West South Central,18-29
12841042697,407618699,07/23/2021 02:11:27 PM,07/23/2021 02:12:01 PM,,,,,ce7b684821032608a8c7b6e850,,,smc,,Sports,Text and Image Treatment,Text and Image Treatment,Article 2,5,Male,"$50,000-$74,999",iOS Phone / Tablet,Pacific,18-29
12841030386,407618699,07/23/2021 02:04:38 PM,07/23/2021 02:05:26 PM,,,,,27a96868d61590401d64cbfa37,,,smc,,Tech,Text Treatment,Text and Image Treatment,Article 2,5,Male,"$0-$9,999",iOS Phone / Tablet,West South Central,18-29
12841026575,407618699,07/23/2021 02:02:56 PM,07/23/2021 02:03:26 PM,,,,,78bbdf182c97290a825c5016f7,,,smc,,Sports,Image Treatment,Text and Image Treatment,Article 2,8,Male,"$50,000-$74,999",iOS Phone / Tablet,East South Central,30-44
12841020855,407618699,07/23/2021 01:59:53 PM,07/23/2021 02:00:22 PM,,,,,c4c6d8d580f2a7a23284a1f4c5,,,smc,,Politics,Text Treatment,Image Treatment,Article 1,7,Male,Prefer not to answer,Android Phone / Tablet,Mountain,18-29
12841016250,407618699,07/23/2021 01:57:31 PM,07/23/2021 01:57:51 PM,,,,,981d73b352bbec67c3f1efd6c2,,,smc,,Business,Control,Control,Article 2,7,Male,"$75,000-$99,999",iOS Phone / Tablet,South Atlantic,18-29
12841007329,407618699,07/23/2021 01:52:14 PM,07/23/2021 01:53:05 PM,,,,,512e2ab15a451fcf83657c9f66,,,smc,,Travel,Control,Text and Image Treatment,Article 1,8,Male,"$100,000-$124,999",Android Phone / Tablet,Pacific,18-29
12841006143,407618699,07/23/2021 01:51:51 PM,07/23/2021 01:52:29 PM,,,,,f8ba0d1a1344584ddef6137e52,,,smc,,Other,Text and Image Treatment,Control,Article 2,4,Male,"$25,000-$49,999",Android Phone / Tablet,Middle Atlantic,45-60
12840992137,407618699,07/23/2021 01:44:21 PM,07/23/2021 01:45:06 PM,,,,,f1350fd7076859946221499893,,,smc,,Art,Text and Image Treatment,Text and Image Treatment,Article 2,7,Male,"$175,000-$199,999",iOS Phone / Tablet,Pacific,18-29
12840986453,407618699,07/23/2021 01:41:43 PM,07/23/2021 01:42:07 PM,,,,,b58b811093254131ba8d57c6f6,,,smc,,Art,Image Treatment,Control,Article 1,5,Male,"$25,000-$49,999",Android Phone / Tablet,West South Central,18-29
12840974356,407618699,07/23/2021 01:35:37 PM,07/23/2021 01:35:57 PM,,,,,94716851c12d1e896537f13eeb,,,smc,,Tech,Image Treatment,Text and Image Treatment,Article 2,4,Male,"$75,000-$99,999",Android Phone / Tablet,West North Central,18-29
12840968556,407618699,07/23/2021 01:31:57 PM,07/23/2021 01:33:00 PM,,,,,93dd318bb4a907a04094305b2a,,,smc,,Travel,Text and Image Treatment,Text Treatment,Article 1,5,Male,"$75,000-$99,999",iOS Phone / Tablet,Pacific,45-60
12840935634,407618699,07/23/2021 01:15:33 PM,07/23/2021 01:15:54 PM,,,,,3e4a1820a37788600a70cef9c8,,,smc,,Business,Control,Control,Article 2,4,Male,"$100,000-$124,999",iOS Phone / Tablet,South Atlantic,18-29
12840928793,407618699,07/23/2021 12:47:41 PM,07/23/2021 01:12:23 PM,,,,,5dcb4d9de40d9127945f6a3aee,,,smc,,Tech,Text and Image Treatment,Image Treatment,Article 1,9,Female,"$25,000-$49,999",Android Phone / Tablet,West South Central,> 60
12840895088,407618699,07/23/2021 12:54:20 PM,07/23/2021 12:55:36 PM,,,,,bd48e2da97f878bafd42362f41,,,smc,,Politics,Text and Image Treatment,Text and Image Treatment,Article 2,10,Female,"$50,000-$74,999",Android Phone / Tablet,South Atlantic,> 60
12840893431,407618699,07/23/2021 12:54:25 PM,07/23/2021 12:54:47 PM,,,,,adb1d8c295de1926b461621afd,,,smc,,Business,Control,Control,Article 1,6,Male,"$25,000-$49,999",iOS Phone / Tablet,Middle Atlantic,18-29
12840890431,407618699,07/23/2021 12:53:04 PM,07/23/2021 12:53:16 PM,,,,,5f74960cb7e90994bcdd747ca4,,,smc,,Tech,Text Treatment,Control,Article 1,7,Male,"$50,000-$74,999",Android Phone / Tablet,Pacific,18-29
12840868193,407618699,07/23/2021 12:41:31 PM,07/23/2021 12:42:15 PM,,,,,10cc11eaa4aad92c25791eec2a,,,smc,,Sports,Text Treatment,Text Treatment,Article 2,5,Male,"$25,000-$49,999",iOS Phone / Tablet,East North Central,18-29
12840848509,407618699,07/23/2021 12:32:11 PM,07/23/2021 12:32:34 PM,,,,,0c6ee7c6e4696ac7803abfea5d,,,smc,,Tech,Image Treatment,Text Treatment,Article 1,6,Male,"$25,000-$49,999",iOS Phone / Tablet,Pacific,18-29
12840838855,407618699,07/23/2021 12:27:32 PM,07/23/2021 12:28:00 PM,,,,,2ebdd58956d7a9eacde999eca1,,,smc,,Travel,Control,Control,Article 1,5,Female,"$50,000-$74,999",iOS Phone / Tablet,East North Central,45-60
12840828955,407618699,07/23/2021 12:22:56 PM,07/23/2021 12:23:12 PM,,,,,381a46b4e4ef15b0d40eebb0b7,,,smc,,Tech,Text and Image Treatment,Text and Image Treatment,Article 2,8,Male,"$100,000-$124,999",Android Phone / Tablet,South Atlantic,30-44
12840817196,407618699,07/23/2021 12:16:54 PM,07/23/2021 12:17:44 PM,,,,,967756d02bcc7b7085d09d6a54,,,smc,,Tech,Text Treatment,Text and Image Treatment,Article 2,7,Female,"$25,000-$49,999",iOS Phone / Tablet,West North Central,18-29
12840817083,407618699,07/23/2021 12:16:57 PM,07/23/2021 12:17:41 PM,,,,,4b2a922060a40ffc6e0dafff4e,,,smc,,None,Text Treatment,Text Treatment,Article 2,1,Female,"$50,000-$74,999",iOS Phone / Tablet,West South Central,30-44
12840817000,407618699,07/23/2021 12:16:58 PM,07/23/2021 12:17:37 PM,,,,,b1816ac248463f34df0d88b34d,,,smc,,None,Image Treatment,Text Treatment,Article 2,6,Female,"$25,000-$49,999",Android Phone / Tablet,South Atlantic,18-29
12840816969,407618699,07/23/2021 12:16:50 PM,07/23/2021 12:17:37 PM,,,,,6c3f38148aa458fda59ae9bea9,,,smc,,Business,Text and Image Treatment,Control,Article 2,8,Female,"$25,000-$49,999",iOS Phone / Tablet,West South Central,30-44
12840816618,407618699,07/23/2021 12:16:51 PM,07/23/2021 12:17:27 PM,,,,,5d5b988b74e069847058c702e2,,,smc,,None,Text Treatment,Image Treatment,Article 1,4,Female,"$10,000-$24,999",Android Phone / Tablet,Mountain,30-44
12840816523,407618699,07/23/2021 12:17:00 PM,07/23/2021 12:17:25 PM,,,,,00d8b02d96bc4f900b8d2b480c,,,smc,,Travel,Image Treatment,Text Treatment,Article 1,6,Female,"$50,000-$74,999",iOS Phone / Tablet,East North Central,30-44
12840816421,407618699,07/23/2021 12:16:21 PM,07/23/2021 12:17:23 PM,,,,,6b2a9bf88b34912fc6de552dd8,,,smc,,Tech,Text Treatment,Text Treatment,Article 2,8,Female,"$25,000-$49,999",iOS Phone / Tablet,Pacific,30-44
12840816216,407618699,07/23/2021 12:16:44 PM,07/23/2021 12:17:17 PM,,,,,1b8f1747f769c63a1745a840eb,,,smc,,Tech,Control,Control,Article 1,5,Female,"$25,000-$49,999",Android Phone / Tablet,Pacific,30-44
12840816202,407618699,07/23/2021 12:16:40 PM,07/23/2021 12:17:16 PM,,,,,068a70926367be1a96bc4d85ee,,,smc,,Business,Text Treatment,Control,Article 1,9,Female,"$10,000-$24,999",Android Phone / Tablet,South Atlantic,18-29
12840816044,407618699,07/23/2021 12:16:57 PM,07/23/2021 12:17:13 PM,,,,,f895b89c79f48b77ff8b56d6ff,,,smc,,Sports,Text Treatment,Control,Article 1,4,Female,"$25,000-$49,999",Android Phone / Tablet,West North Central,18-29
12840815949,407618699,07/23/2021 12:17:00 PM,07/23/2021 12:17:10 PM,,,,,6cccde80f148246085d6319d5c,,,smc,,Art,Text and Image Treatment,Control,Article 2,5,Female,Prefer not to answer,iOS Phone / Tablet,Middle Atlantic,30-44
12840815919,407618699,07/23/2021 12:16:39 PM,07/23/2021 12:17:09 PM,,,,,3874e88118ed256e75886211fe,,,smc,,None,Text and Image Treatment,Text and Image Treatment,Article 1,3,Female,"$10,000-$24,999",iOS Phone / Tablet,South Atlantic,30-44
12840815564,407618699,07/23/2021 12:16:36 PM,07/23/2021 12:16:59 PM,,,,,1ee1ae8ebafed090eb44bc812d,,,smc,,Travel,Image Treatment,Control,Article 1,10,Female,"$25,000-$49,999",iOS Phone / Tablet,West South Central,30-44
12840815552,407618699,07/23/2021 12:16:33 PM,07/23/2021 12:16:58 PM,,,,,89a2b04ab6f5057a40f67ebb7f,,,smc,,None,Text and Image Treatment,Text and Image Treatment,Article 1,1,Female,"$50,000-$74,999",Android Phone / Tablet,West South Central,30-44
12840815235,407618699,07/23/2021 12:16:21 PM,07/23/2021 12:16:48 PM,,,,,5d52b78f9e625d5745d1c7bc91,,,smc,,Sports,Image Treatment,Text and Image Treatment,Article 2,1,Female,"$50,000-$74,999",iOS Phone / Tablet,East South Central,18-29
12840815054,407618699,07/23/2021 12:16:22 PM,07/23/2021 12:16:43 PM,,,,,22bbb680168fc29cbb5b4d748a,,,smc,,Business,Control,Control,Article 2,6,Female,"$25,000-$49,999",iOS Phone / Tablet,Pacific,30-44
12840814997,407618699,07/23/2021 12:16:09 PM,07/23/2021 12:16:41 PM,,,,,eaf640fc06b7b9436a5e5b9b2e,,,smc,,Art,Text and Image Treatment,Text and Image Treatment,Article 2,5,Female,"$25,000-$49,999",Android Phone / Tablet,New England,18-29
12840814783,407618699,07/23/2021 12:16:16 PM,07/23/2021 12:16:35 PM,,,,,4bef635d2322138aa642fe6d5d,,,smc,,Art,Text Treatment,Text and Image Treatment,Article 2,10,Female,"$100,000-$124,999",iOS Phone / Tablet,South Atlantic,18-29
12840814670,407618699,07/23/2021 12:16:00 PM,07/23/2021 12:16:32 PM,,,,,cf8d503efc45b96d52857a24a9,,,smc,,Travel,Control,Text and Image Treatment,Article 1,5,Male,"$75,000-$99,999",iOS Phone / Tablet,West South Central,18-29
12840813255,407618699,07/23/2021 12:14:54 PM,07/23/2021 12:15:54 PM,,,,,51c1ce9dda7a0637955feb4f2e,,,smc,,Travel,Text Treatment,Text Treatment,Article 1,8,Female,"$50,000-$74,999",iOS Phone / Tablet,West South Central,30-44
12840812415,407618699,07/23/2021 12:15:00 PM,07/23/2021 12:15:29 PM,,,,,f9768ad7c13c47aacca9e7a02f,,,smc,,Other,Control,Image Treatment,Article 1,10,Female,"$25,000-$49,999",iOS Phone / Tablet,South Atlantic,30-44
12840812302,407618699,07/23/2021 12:14:50 PM,07/23/2021 12:15:26 PM,,,,,97cbca18bc85e89ad6854c5542,,,smc,,Other,Control,Text and Image Treatment,Article 1,6,Male,"$25,000-$49,999",Android Phone / Tablet,East North Central,30-44
12840792737,407618699,07/23/2021 12:05:47 PM,07/23/2021 12:06:10 PM,,,,,499b08f3f64c96a21065c26432,,,smc,,Sports,Control,Text and Image Treatment,Article 1,5,Male,"$25,000-$49,999",iOS Phone / Tablet,East North Central,18-29
12840789173,407618699,07/23/2021 12:02:45 PM,07/23/2021 12:04:30 PM,,,,,dd88ade026ad20277f18b5931c,,,smc,,Politics,Image Treatment,Text and Image Treatment,Article 2,10,Female,"$50,000-$74,999",iOS Phone / Tablet,East North Central,18-29
12840788894,407618699,07/23/2021 12:03:06 PM,07/23/2021 12:04:23 PM,,,,,d75679752732696ab14a44df75,,,smc,,Politics,Text Treatment,Text and Image Treatment,Article 1,10,Male,Prefer not to answer,Windows Desktop / Laptop,Middle Atlantic,> 60
12840782032,407618699,07/23/2021 12:01:10 PM,07/23/2021 12:01:19 PM,,,,,85800e772445a99de99a73ec5c,,,smc,,Sports,Text and Image Treatment,Control,Article 2,6,Female,"$0-$9,999",iOS Phone / Tablet,Pacific,18-29
12840775086,407618699,07/23/2021 11:57:37 AM,07/23/2021 11:58:07 AM,,,,,d33fbfad4c53dce1715ed33d9c,,,smc,,Art,Text and Image Treatment,Control,Article 1,7,Female,"$125,000-$149,999",iOS Phone / Tablet,East North Central,45-60
12840751275,407618699,07/23/2021 11:46:59 AM,07/23/2021 11:47:25 AM,,,,,a077a5aa9d3a0cc8ae1fb811d3,,,smc,,Other,Text Treatment,Image Treatment,Article 1,6,Female,"$25,000-$49,999",Android Phone / Tablet,East North Central,30-44
12840749295,407618699,07/23/2021 11:45:55 AM,07/23/2021 11:46:32 AM,,,,,9e75f053e795808759d72f8a13,,,smc,,Politics,Text Treatment,Text and Image Treatment,Article 2,5,Female,Prefer not to answer,iOS Phone / Tablet,East South Central,18-29
12840746691,407618699,07/23/2021 11:44:54 AM,07/23/2021 11:45:22 AM,,,,,52badebd4e4d62d02a747d61f5,,,smc,,Art,Text and Image Treatment,Text Treatment,Article 2,7,Female,Prefer not to answer,iOS Phone / Tablet,New England,18-29
12840745403,407618699,07/23/2021 11:44:31 AM,07/23/2021 11:44:48 AM,,,,,94f92ca45f35b3e4bd8d4b969f,,,smc,,Business,Image Treatment,Text Treatment,Article 1,10,Female,Prefer not to answer,iOS Phone / Tablet,South Atlantic,30-44
12840744067,407618699,07/23/2021 11:43:22 AM,07/23/2021 11:44:10 AM,,,,,8b9ae605657dd072eae2658963,,,smc,,Tech,Text Treatment,Control,Article 1,8,Male,"$150,000-$174,999",Android Phone / Tablet,Pacific,30-44
12840739185,407618699,07/23/2021 11:41:36 AM,07/23/2021 11:41:55 AM,,,,,0db43a499d7ab243ce0082651e,,,smc,,Travel,Control,Text and Image Treatment,Article 1,8,Male,"$75,000-$99,999",Android Phone / Tablet,Middle Atlantic,18-29
12840719969,407618699,07/23/2021 11:33:09 AM,07/23/2021 11:33:28 AM,,,,,165cdddaf5059e355c59f35a5b,,,smc,,Other,Image Treatment,Control,Article 1,10,Female,"$50,000-$74,999",iOS Phone / Tablet,South Atlantic,45-60
12840711912,407618699,07/23/2021 11:29:32 AM,07/23/2021 11:29:55 AM,,,,,4f4e27ef1e9840d5bf44ffbaf0,,,smc,,Art,Image Treatment,Control,Article 1,3,Female,"$25,000-$49,999",iOS Phone / Tablet,West North Central,30-44
12840710385,407618699,07/23/2021 11:28:55 AM,07/23/2021 11:29:12 AM,,,,,202404d12a23be622c8f5f6863,,,smc,,Tech,Image Treatment,Control,Article 1,1,Male,"$25,000-$49,999",Android Phone / Tablet,West North Central,18-29
12840692588,407618699,07/23/2021 11:21:05 AM,07/23/2021 11:21:17 AM,,,,,1dfcb35bee9d2c87c0d5ed2a08,,,smc,,Sports,Image Treatment,Control,Article 2,6,Male,"$0-$9,999",iOS Phone / Tablet,East North Central,18-29
12840688571,407618699,07/23/2021 11:18:52 AM,07/23/2021 11:19:31 AM,,,,,ff01c52b4e07b98fe34fa354cf,,,smc,,None,Image Treatment,Control,Article 2,4,Female,Prefer not to answer,iOS Phone / Tablet,East North Central,18-29
12840679674,407618699,07/23/2021 11:15:10 AM,07/23/2021 11:15:32 AM,,,,,aad6537471b0853775a81cfc86,,,smc,,Tech,Text and Image Treatment,Text and Image Treatment,Article 2,7,Male,"$50,000-$74,999",Android Phone / Tablet,East North Central,18-29
12840678868,407618699,07/23/2021 11:14:41 AM,07/23/2021 11:15:10 AM,,,,,6715813542ff0851e0facdb11c,,,smc,,Politics,Text and Image Treatment,Text Treatment,Article 1,6,Female,"$10,000-$24,999",iOS Phone / Tablet,West North Central,18-29
12840678502,407618699,07/23/2021 11:14:35 AM,07/23/2021 11:14:58 AM,,,,,675713bcce8e26ce4f868d46dc,,,smc,,Business,Text and Image Treatment,Text Treatment,Article 1,10,Female,"$50,000-$74,999",Android Phone / Tablet,Mountain,30-44
12840643773,407618699,07/23/2021 10:59:35 AM,07/23/2021 11:00:02 AM,,,,,b0fb5271dbb24778c0ef7a3591,,,smc,,Other,Image Treatment,Control,Article 1,6,Female,Prefer not to answer,iOS Phone / Tablet,Middle Atlantic,18-29
12840625451,407618699,07/23/2021 10:51:13 AM,07/23/2021 10:51:33 AM,,,,,d8947f9bb9afee7cfca5b4f1ba,,,smc,,None,Text Treatment,Control,Article 1,4,Female,"$50,000-$74,999",Android Phone / Tablet,South Atlantic,18-29
12840619999,407618699,07/23/2021 10:47:54 AM,07/23/2021 10:48:58 AM,,,,,ef2ed1c5f57c71954057a3fcc1,,,smc,,Travel,Control,Image Treatment,Article 1,3,Female,"$100,000-$124,999",iOS Phone / Tablet,East North Central,45-60
12840606945,407618699,07/23/2021 10:41:57 AM,07/23/2021 10:42:48 AM,,,,,7afc906b7af81919e14e2231b6,,,smc,,Tech,Control,Control,Article 2,8,Male,"$25,000-$49,999",Android Phone / Tablet,Pacific,18-29
12840600477,407618699,07/23/2021 10:39:09 AM,07/23/2021 10:39:45 AM,,,,,9319747ae3fd6724eed5a6a022,,,smc,,Sports,Control,Text and Image Treatment,Article 1,3,Male,"$75,000-$99,999",Windows Desktop / Laptop,New England,45-60
12840583935,407618699,07/23/2021 10:31:33 AM,07/23/2021 10:32:13 AM,,,,,3242cdf252da9e5863a3247504,,,smc,,Other,Control,Text Treatment,Article 2,5,Female,"$25,000-$49,999",iOS Phone / Tablet,Pacific,30-44
12840583894,407618699,07/23/2021 10:31:40 AM,07/23/2021 10:32:13 AM,,,,,1495cc442ebe15c9466b88f1b4,,,smc,,Tech,Text Treatment,Text and Image Treatment,Article 2,1,Male,Prefer not to answer,Android Phone / Tablet,Pacific,18-29
12840581048,407618699,07/23/2021 10:30:03 AM,07/23/2021 10:30:54 AM,,,,,fcb99371ca470db209a02cff8a,,,smc,,Travel,Text and Image Treatment,Text Treatment,Article 1,7,Female,"$0-$9,999",Android Phone / Tablet,West North Central,18-29
12840577811,407618699,07/23/2021 10:28:17 AM,07/23/2021 10:29:29 AM,,,,,0838175d6039fe3f500f969709,,,smc,,Politics,Text and Image Treatment,Text and Image Treatment,Article 1,1,Male,"$75,000-$99,999",iOS Phone / Tablet,Middle Atlantic,30-44
12840552876,407618699,07/23/2021 10:18:11 AM,07/23/2021 10:18:43 AM,,,,,b26053c6e4cb4548caeb5f6344,,,smc,,Other,Text and Image Treatment,Control,Article 1,5,Female,"$25,000-$49,999",iOS Phone / Tablet,Middle Atlantic,30-44
12840549759,407618699,07/23/2021 10:16:45 AM,07/23/2021 10:17:23 AM,,,,,08ba18cea99bf5350d08e3cf11,,,smc,,Other,Text Treatment,Text Treatment,Article 1,2,Female,Prefer not to answer,Windows Desktop / Laptop,South Atlantic,> 60
12840546161,407618699,07/23/2021 10:14:39 AM,07/23/2021 10:15:48 AM,,,,,07e5568d1efeb0225ea08dc28d,,,smc,,Politics,Text and Image Treatment,Control,Article 1,8,Female,"$0-$9,999",Android Phone / Tablet,South Atlantic,30-44
12840527256,407618699,07/23/2021 10:07:24 AM,07/23/2021 10:07:52 AM,,,,,662e8611b633d0648acf6c9651,,,smc,,Business,Image Treatment,Text and Image Treatment,Article 2,3,Female,"$10,000-$24,999",Android Phone / Tablet,South Atlantic,18-29
12840524225,407618699,07/23/2021 10:05:54 AM,07/23/2021 10:06:38 AM,,,,,2f24122ef3b88221c9327475bd,,,smc,,Tech,Control,Image Treatment,Article 1,3,Female,"$10,000-$24,999",iOS Phone / Tablet,South Atlantic,18-29
12840512904,407618699,07/23/2021 10:00:42 AM,07/23/2021 10:01:56 AM,,,,,91ec53b5d8625581b08251971c,,,smc,,Sports,Image Treatment,Text and Image Treatment,Article 1,8,Male,"$50,000-$74,999",Android Phone / Tablet,East South Central,45-60
12840509499,407618699,07/23/2021 10:00:07 AM,07/23/2021 10:00:29 AM,,,,,9084e79ff57d2ee67c0df1a25c,,,smc,,Tech,Control,Control,Article 2,6,Female,"$10,000-$24,999",Android Phone / Tablet,Pacific,18-29
12840504351,407618699,07/23/2021 09:57:28 AM,07/23/2021 09:58:14 AM,,,,,b7629f199486e9de4f13c43e9e,,,smc,,Other,Control,Text Treatment,Article 1,5,Female,"$10,000-$24,999",iOS Phone / Tablet,Middle Atlantic,30-44
12840496472,407618699,07/23/2021 09:54:21 AM,07/23/2021 09:55:00 AM,,,,,cfae7cb7f89b1d44a1d8af1986,,,smc,,Tech,Text and Image Treatment,Image Treatment,Article 1,4,Male,"$10,000-$24,999",iOS Phone / Tablet,Middle Atlantic,18-29
12840488110,407618699,07/23/2021 09:49:56 AM,07/23/2021 09:51:24 AM,,,,,4333bba4b5ed599ed785c67367,,,smc,,None,Control,Control,Article 1,3,Female,"$25,000-$49,999",Android Phone / Tablet,New England,30-44
12840486569,407618699,07/23/2021 09:46:07 AM,07/23/2021 09:50:44 AM,,,,,4054c65d60572cea9536afea65,,,smc,,Other,Control,Image Treatment,Article 2,7,Female,"$50,000-$74,999",iOS Phone / Tablet,West North Central,18-29
12840483250,407618699,07/23/2021 09:48:12 AM,07/23/2021 09:49:18 AM,,,,,7a668a57b62d1fcb4dba4a841e,,,smc,,Tech,Control,Text and Image Treatment,Article 1,6,Male,"$25,000-$49,999",Android Phone / Tablet,Mountain,18-29
12840481588,407618699,07/23/2021 09:48:03 AM,07/23/2021 09:48:34 AM,,,,,a8050e521ef7edbcf908950d61,,,smc,,None,Text Treatment,Control,Article 2,1,Female,"$50,000-$74,999",Android Phone / Tablet,East North Central,18-29
12840471310,407618699,07/23/2021 09:43:41 AM,07/23/2021 09:44:09 AM,,,,,d26bdcbdc8bd8b448814d1d22f,,,smc,,Politics,Text Treatment,Image Treatment,Article 2,6,Male,"$50,000-$74,999",Android Phone / Tablet,Middle Atlantic,45-60
12840457438,407618699,07/23/2021 09:37:17 AM,07/23/2021 09:38:09 AM,,,,,dcb45caca459ace3b197290b5f,,,smc,,None,Text Treatment,Text and Image Treatment,Article 1,5,Female,"$0-$9,999",iOS Phone / Tablet,New England,18-29
12840448915,407618699,07/23/2021 09:33:15 AM,07/23/2021 09:34:26 AM,,,,,712da141a4974d936bda601ef8,,,smc,,Tech,Control,Text and Image Treatment,Article 1,8,Male,"$100,000-$124,999",Other,Pacific,> 60
12840429203,407618699,07/23/2021 09:25:36 AM,07/23/2021 09:26:07 AM,,,,,0e7353ff3cf3dd65431a2cc867,,,smc,,Other,Image Treatment,Text Treatment,Article 1,5,Female,"$25,000-$49,999",Android Phone / Tablet,East North Central,30-44
12840428237,407618699,07/23/2021 09:25:08 AM,07/23/2021 09:25:43 AM,,,,,8fdccffc4c8d1927fd1fa4a109,,,smc,,Travel,Control,Control,Article 1,7,Male,"$175,000-$199,999",iOS Phone / Tablet,Pacific,30-44
12840401745,407618699,07/23/2021 09:13:30 AM,07/23/2021 09:14:32 AM,,,,,752a6b130779395ae823c1eb85,,,smc,,None,Control,Text Treatment,Article 2,10,Female,"$0-$9,999",iOS Phone / Tablet,New England,45-60
12840391684,407618699,07/23/2021 09:09:54 AM,07/23/2021 09:10:25 AM,,,,,ad5f2df2d594b60ec73b1e5f21,,,smc,,Other,Text Treatment,Image Treatment,Article 1,10,Female,"$75,000-$99,999",iOS Phone / Tablet,South Atlantic,45-60
12840382735,407618699,07/23/2021 09:06:15 AM,07/23/2021 09:06:52 AM,,,,,177135ffd78fa1fcf3070b9619,,,smc,,Other,Control,Control,Article 1,5,Male,"$125,000-$149,999",Windows Desktop / Laptop,East North Central,> 60
12840366019,407618699,07/23/2021 08:59:45 AM,07/23/2021 09:00:24 AM,,,,,26b42764206092b36de2994374,,,smc,,Sports,Text and Image Treatment,Text Treatment,Article 1,4,Female,"$0-$9,999",iOS Phone / Tablet,East South Central,18-29
12840364494,407618699,07/23/2021 08:59:35 AM,07/23/2021 08:59:49 AM,,,,,290e07b0f866313e494a896a31,,,smc,,Tech,Text and Image Treatment,Control,Article 2,4,Female,"$10,000-$24,999",iOS Phone / Tablet,Pacific,18-29
12840344664,407618699,07/23/2021 08:51:26 AM,07/23/2021 08:51:57 AM,,,,,ff19bb97a41fbb722a4829e0d1,,,smc,,Travel,Image Treatment,Text Treatment,Article 1,6,Female,"$10,000-$24,999",Android Phone / Tablet,West South Central,30-44
12840335694,407618699,07/23/2021 08:47:53 AM,07/23/2021 08:48:20 AM,,,,,862d6c5744085a85a41d9683d2,,,smc,,Sports,Control,Text and Image Treatment,Article 2,7,Male,"$10,000-$24,999",Android Phone / Tablet,East North Central,18-29
12840327716,407618699,07/23/2021 08:44:28 AM,07/23/2021 08:45:10 AM,,,,,8357a6fb17b344f8d3dee8fa9e,,,smc,,Travel,Control,Text Treatment,Article 1,7,Female,"$25,000-$49,999",Android Phone / Tablet,South Atlantic,30-44
12840327365,407618699,07/23/2021 08:44:40 AM,07/23/2021 08:45:02 AM,,,,,91c8ca1a4d9b0c99293a31fa49,,,smc,,Sports,Image Treatment,Text and Image Treatment,Article 2,4,Female,"$0-$9,999",iOS Phone / Tablet,East South Central,18-29
12840324973,407618699,07/23/2021 08:43:15 AM,07/23/2021 08:44:05 AM,,,,,aef76f43f990fd3529fe1c178e,,,smc,,Politics,Text and Image Treatment,Control,Article 2,8,Female,"$10,000-$24,999",Android Phone / Tablet,New England,> 60
12840324494,407618699,07/23/2021 08:43:35 AM,07/23/2021 08:43:54 AM,,,,,60d0b9d8e59ff71bc980cc6482,,,smc,,Business,Control,Control,Article 1,6,Male,"$50,000-$74,999",iOS Phone / Tablet,Middle Atlantic,45-60
12840319903,407618699,07/23/2021 08:41:43 AM,07/23/2021 08:42:04 AM,,,,,a2b4a7c7fe49897f631d5c0d07,,,smc,,Travel,Image Treatment,Text Treatment,Article 1,5,Male,"$50,000-$74,999",iOS Phone / Tablet,Middle Atlantic,30-44
12840296556,407618699,07/23/2021 08:32:25 AM,07/23/2021 08:32:57 AM,,,,,1d9c35ac453b4e270bc68c90b6,,,smc,,Tech,Control,Control,Article 2,2,Male,"$125,000-$149,999",Android Phone / Tablet,East North Central,18-29
12840266476,407618699,07/23/2021 08:20:28 AM,07/23/2021 08:21:08 AM,,,,,1f5b7c67d605570ed726fc3d8d,,,smc,,Politics,Text and Image Treatment,Control,Article 2,6,Female,"$50,000-$74,999",iOS Phone / Tablet,West South Central,45-60
12840243461,407618699,07/23/2021 08:11:34 AM,07/23/2021 08:12:17 AM,,,,,0c06e7360d85f7642095e4d838,,,smc,,Politics,Text Treatment,Control,Article 1,7,Male,"$150,000-$174,999",iOS Phone / Tablet,New England,30-44
12840150721,407618699,07/23/2021 07:35:59 AM,07/23/2021 07:36:38 AM,,,,,123cb22b6a537f34edd5e71e60,,,smc,,Politics,Text Treatment,Text and Image Treatment,Article 2,8,Female,"$100,000-$124,999",iOS Phone / Tablet,South Atlantic,45-60
12839974844,407618699,07/23/2021 06:23:59 AM,07/23/2021 06:24:29 AM,,,,,af0319395c95221c005aaf2215,,,smc,,Politics,Control,Text and Image Treatment,Article 2,10,Female,"$25,000-$49,999",iOS Phone / Tablet,Mountain,45-60
12839672392,407618699,07/23/2021 03:55:28 AM,07/23/2021 03:56:08 AM,,,,,4d7482b8ab2db8dc029c5facc7,,,smc,,Other,Text Treatment,Text Treatment,Article 1,8,Female,"$25,000-$49,999",iOS Phone / Tablet,New England,> 60
12839633776,407618699,07/23/2021 03:33:39 AM,07/23/2021 03:34:18 AM,,,,,aada67b218f1559f2f24150291,,,smc,,Travel,Text and Image Treatment,Image Treatment,Article 2,10,Female,Prefer not to answer,iOS Phone / Tablet,East North Central,> 60
12839624316,407618699,07/23/2021 03:27:58 AM,07/23/2021 03:29:04 AM,,,,,7f2b9d8f7a93e67d7f2dc1271f,,,smc,,Art,Text and Image Treatment,Text Treatment,Article 1,4,Female,"$25,000-$49,999",iOS Phone / Tablet,Middle Atlantic,> 60
12839620754,407618699,07/23/2021 03:26:40 AM,07/23/2021 03:27:01 AM,,,,,dbfa96699d47fdc48772c83a7d,,,smc,,Tech,Text Treatment,Image Treatment,Article 1,10,Male,"$200,000+",Android Phone / Tablet,West South Central,45-60
12839602462,407618699,07/23/2021 03:16:25 AM,07/23/2021 03:16:44 AM,,,,,df0a8a87eced3c3199530cb2e9,,,smc,,Art,Image Treatment,Text Treatment,Article 2,7,Male,"$75,000-$99,999",iOS Phone / Tablet,East South Central,45-60
12839597979,407618699,07/23/2021 03:12:17 AM,07/23/2021 03:14:15 AM,,,,,ffa5f9fc5d4a935edf91cbc4fc,,,smc,,Travel,Text and Image Treatment,Text Treatment,Article 2,8,Female,"$25,000-$49,999",iOS Phone / Tablet,West South Central,> 60
12839595869,407618699,07/23/2021 03:12:17 AM,07/23/2021 03:13:03 AM,,,,,e3366ca4e0abb8c0a0bc018ea5,,,smc,,Politics,Control,Image Treatment,Article 2,10,Female,"$25,000-$49,999",Android Phone / Tablet,Pacific,45-60
12839585739,407618699,07/23/2021 03:06:53 AM,07/23/2021 03:07:24 AM,,,,,88a38a1b38645320ad18941e9b,,,smc,,Business,Text and Image Treatment,Text and Image Treatment,Article 2,6,Male,"$50,000-$74,999",Windows Desktop / Laptop,East North Central,> 60
12839578442,407618699,07/23/2021 03:02:56 AM,07/23/2021 03:03:28 AM,,,,,2d28198a879e5de4c39e4c3693,,,smc,,Politics,Image Treatment,Text Treatment,Article 1,5,Female,"$75,000-$99,999",Android Phone / Tablet,Mountain,45-60
12839576800,407618699,07/23/2021 03:01:39 AM,07/23/2021 03:02:34 AM,,,,,b422ab66e185f6b731d69736a4,,,smc,,Other,Text Treatment,Image Treatment,Article 2,7,Female,"$0-$9,999",Android Phone / Tablet,New England,30-44
12839573124,407618699,07/23/2021 02:59:52 AM,07/23/2021 03:00:35 AM,,,,,7e9bde5decf0d0682c05fc4f3c,,,smc,,Politics,Text Treatment,Text Treatment,Article 1,1,Male,"$75,000-$99,999",Windows Desktop / Laptop,New England,> 60
12839564224,407618699,07/23/2021 02:54:34 AM,07/23/2021 02:55:34 AM,,,,,035da75666acb2b11e5488529e,,,smc,,Travel,Image Treatment,Text Treatment,Article 2,6,Female,"$100,000-$124,999",iOS Phone / Tablet,East North Central,45-60
12839554122,407618699,07/23/2021 02:49:15 AM,07/23/2021 02:49:36 AM,,,,,90edf747dd96995e4690771bf1,,,smc,,None,Image Treatment,Control,Article 2,5,Male,"$0-$9,999",Android Phone / Tablet,Pacific,45-60
12839549943,407618699,07/23/2021 02:46:28 AM,07/23/2021 02:47:03 AM,,,,,9f69d6f728c414a25788051499,,,smc,,None,Control,Control,Article 2,4,Female,"$0-$9,999",Android Phone / Tablet,East North Central,> 60
12839538165,407618699,07/23/2021 02:38:34 AM,07/23/2021 02:40:04 AM,,,,,d93b1da4d9a00825a5c04df1e2,,,smc,,Politics,Image Treatment,Text Treatment,Article 1,8,Female,"$75,000-$99,999",iOS Phone / Tablet,South Atlantic,> 60
12839535880,407618699,07/23/2021 02:37:50 AM,07/23/2021 02:38:40 AM,,,,,599af7e43997bee34dc5ea2a1f,,,smc,,Business,Control,Image Treatment,Article 2,5,Male,"$25,000-$49,999",iOS Phone / Tablet,West North Central,45-60
12839524072,407618699,07/23/2021 02:32:05 AM,07/23/2021 02:33:10 AM,,,,,6fb21b87ef86d24eafe8a55799,,,smc,,Tech,Text and Image Treatment,Text Treatment,Article 1,10,Male,"$100,000-$124,999",Android Phone / Tablet,South Atlantic,30-44
12839522104,407618699,07/23/2021 02:31:09 AM,07/23/2021 02:31:36 AM,,,,,dc07131a80f7aac065dd0d8448,,,smc,,Art,Image Treatment,Text Treatment,Article 1,4,Male,"$25,000-$49,999",iOS Phone / Tablet,,18-29
12839521402,407618699,07/23/2021 02:29:47 AM,07/23/2021 02:31:11 AM,,,,,5a05b291d182e5be65f324b819,,,smc,,Business,Text and Image Treatment,Image Treatment,Article 2,8,Female,"$25,000-$49,999",Android Phone / Tablet,East North Central,45-60
12839514777,407618699,07/23/2021 02:26:25 AM,07/23/2021 02:26:57 AM,,,,,e56a20ed494ef88c102a56f386,,,smc,,Politics,Image Treatment,Image Treatment,Article 1,8,Male,Prefer not to answer,iOS Phone / Tablet,East North Central,45-60
12839513297,407618699,07/23/2021 02:24:41 AM,07/23/2021 02:25:57 AM,,,,,8ba671dec6791fde19334acdf0,,,smc,,Art,Text Treatment,Text and Image Treatment,Article 1,1,Female,Prefer not to answer,iOS Phone / Tablet,Pacific,30-44
12839506848,407618699,07/23/2021 02:21:05 AM,07/23/2021 02:21:41 AM,,,,,961a43b8aa4905ff0540d97b3e,,,smc,,Art,Control,Text Treatment,Article 1,10,Female,"$25,000-$49,999",Android Phone / Tablet,Pacific,45-60
12839500972,407618699,07/23/2021 02:17:24 AM,07/23/2021 02:17:53 AM,,,,,29ee125374d750c2c6372b2b9f,,,smc,,Politics,Text Treatment,Image Treatment,Article 1,7,Male,"$200,000+",iOS Phone / Tablet,South Atlantic,45-60
12839499922,407618699,07/23/2021 02:16:44 AM,07/23/2021 02:17:11 AM,,,,,b8cad15a048278fa25dd6b7d6d,,,smc,,Other,Text Treatment,Control,Article 1,8,Female,Prefer not to answer,iOS Phone / Tablet,Pacific,45-60
12839486092,407618699,07/23/2021 02:07:17 AM,07/23/2021 02:08:15 AM,,,,,f7a59cac8d5b80e3283d8f96fb,,,smc,,Politics,Text and Image Treatment,Image Treatment,Article 1,6,Male,"$50,000-$74,999",MacOS Desktop / Laptop,Mountain,> 60
12839480921,407618699,07/23/2021 02:04:22 AM,07/23/2021 02:05:01 AM,,,,,f50e21cfd1090baf4f665df9e0,,,smc,,Politics,Text Treatment,Text and Image Treatment,Article 1,2,Female,"$50,000-$74,999",iOS Phone / Tablet,Middle Atlantic,> 60
12839469679,407618699,07/23/2021 01:56:59 AM,07/23/2021 01:57:50 AM,,,,,b14193208636ff6c595e4b06de,,,smc,,Travel,Image Treatment,Text Treatment,Article 1,5,Female,"$10,000-$24,999",iOS Phone / Tablet,East North Central,45-60
12839469370,407618699,07/23/2021 01:56:35 AM,07/23/2021 01:57:38 AM,,,,,4d989e830145f0a30440ef1ddb,,,smc,,Business,Text and Image Treatment,Control,Article 1,9,Male,Prefer not to answer,Windows Desktop / Laptop,New England,> 60
12839459096,407618699,07/23/2021 01:49:15 AM,07/23/2021 01:50:39 AM,,,,,8644262a5296db0d4919711199,,,smc,,Tech,Text Treatment,Text Treatment,Article 2,8,Male,"$75,000-$99,999",iOS Phone / Tablet,South Atlantic,45-60
12839456515,407618699,07/23/2021 01:48:18 AM,07/23/2021 01:48:54 AM,,,,,bd9ad326fcb3690650b5880401,,,smc,,Art,Text and Image Treatment,Text Treatment,Article 2,9,Female,"$75,000-$99,999",Windows Desktop / Laptop,East North Central,> 60
12839456352,407618699,07/23/2021 01:48:42 AM,07/23/2021 01:48:47 AM,,,,,145f4793ea41319876946a3740,,,smc,,Art,Text and Image Treatment,Text and Image Treatment,Article 2,7,Female,"$100,000-$124,999",iOS Phone / Tablet,Middle Atlantic,18-29
12839450885,407618699,07/23/2021 01:44:38 AM,07/23/2021 01:44:57 AM,,,,,05106bfb9bde15909034ddb88d,,,smc,,Business,Control,Control,Article 2,10,Male,"$0-$9,999",iOS Phone / Tablet,Pacific,> 60
12839445418,407618699,07/23/2021 01:39:25 AM,07/23/2021 01:41:11 AM,,,,,396a00088bd2f9f8a0bd959e56,,,smc,,Sports,Control,Control,Article 1,8,Female,"$50,000-$74,999",iOS Phone / Tablet,South Atlantic,> 60
12839435826,407618699,07/23/2021 01:32:52 AM,07/23/2021 01:34:29 AM,,,,,b946b2812af8c06be89ccc9398,,,smc,,Other,Image Treatment,Control,Article 2,4,Female,"$10,000-$24,999",Android Phone / Tablet,West South Central,45-60
12839427218,407618699,07/23/2021 01:28:01 AM,07/23/2021 01:28:24 AM,,,,,5ff39483dc51996220bbd19b14,,,smc,,Other,Image Treatment,Text and Image Treatment,Article 1,4,Male,"$50,000-$74,999",iOS Phone / Tablet,South Atlantic,30-44
12839425763,407618699,07/23/2021 01:26:34 AM,07/23/2021 01:27:23 AM,,,,,0daf2989ca5c537d7224308924,,,smc,,Tech,Text and Image Treatment,Text Treatment,Article 1,8,Male,"$25,000-$49,999",Android Phone / Tablet,Pacific,45-60
12839424632,407618699,07/23/2021 01:26:00 AM,07/23/2021 01:26:35 AM,,,,,31459650398e241207c9c64675,,,smc,,Travel,Control,Image Treatment,Article 1,9,Female,"$25,000-$49,999",iOS Phone / Tablet,West North Central,45-60
12839423294,407618699,07/23/2021 01:25:26 AM,07/23/2021 01:25:40 AM,,,,,e5399e22fb35ba9471b63f49f9,,,smc,,Business,Image Treatment,Image Treatment,Article 1,10,Male,"$75,000-$99,999",iOS Phone / Tablet,Middle Atlantic,30-44
12839414894,407618699,07/23/2021 01:19:45 AM,07/23/2021 01:19:57 AM,,,,,59c6b297c780e41717a28ad59f,,,smc,,Travel,Text and Image Treatment,Text and Image Treatment,Article 1,9,Male,"$50,000-$74,999",iOS Phone / Tablet,Pacific,45-60
12839408554,407618699,07/23/2021 01:14:10 AM,07/23/2021 01:15:34 AM,,,,,915c59ebffdf3b27d270c54644,,,smc,,Politics,Text and Image Treatment,Text Treatment,Article 1,4,Female,"$50,000-$74,999",iOS Phone / Tablet,Mountain,45-60
12839405446,407618699,07/23/2021 01:12:37 AM,07/23/2021 01:13:27 AM,,,,,852136cc8f3b9a9614a501809b,,,smc,,Art,Control,Control,Article 1,3,Female,"$0-$9,999",Android Phone / Tablet,Pacific,18-29
12839395414,407618699,07/23/2021 01:06:26 AM,07/23/2021 01:06:48 AM,,,,,5deac6b91c7b60f214515626e5,,,smc,,Business,Text Treatment,Image Treatment,Article 2,5,Male,"$200,000+",Android Phone / Tablet,East North Central,45-60
12839383228,407618699,07/23/2021 12:57:56 AM,07/23/2021 12:58:41 AM,,,,,9c636db49f2523e2c94915a48c,,,smc,,Business,Control,Control,Article 2,4,Female,"$75,000-$99,999",Android Phone / Tablet,East North Central,45-60
12839383066,407618699,07/23/2021 12:57:43 AM,07/23/2021 12:58:34 AM,,,,,c4c473bdbc0d436e19ed2f0a04,,,smc,,Travel,Control,Text and Image Treatment,Article 1,6,Female,"$25,000-$49,999",iOS Phone / Tablet,West North Central,45-60
12839382376,407618699,07/23/2021 12:57:34 AM,07/23/2021 12:58:03 AM,,,,,b0631b5dbaa4a697ea707565b4,,,smc,,Tech,Control,Control,Article 2,5,Male,"$10,000-$24,999",Android Phone / Tablet,East North Central,45-60
12839377081,407618699,07/23/2021 12:53:50 AM,07/23/2021 12:54:14 AM,,,,,1e9c1a7cf78df953cd42e2f75e,,,smc,,Tech,Text and Image Treatment,Control,Article 1,3,Male,Prefer not to answer,Android Phone / Tablet,,18-29
12839371467,407618699,07/23/2021 12:49:31 AM,07/23/2021 12:50:17 AM,,,,,6d0b399b1cd994a1ba01c195bf,,,smc,,None,Text Treatment,Control,Article 2,1,Female,"$0-$9,999",Android Phone / Tablet,West South Central,45-60
12839367395,407618699,07/23/2021 12:46:46 AM,07/23/2021 12:47:21 AM,,,,,4857f42a850c0baf369d08dce9,,,smc,,Sports,Control,Text and Image Treatment,Article 2,7,Male,Prefer not to answer,iOS Phone / Tablet,South Atlantic,45-60
12839355866,407618699,07/23/2021 12:37:09 AM,07/23/2021 12:38:51 AM,,,,,cc577fb7de5c71e8c81373f6d8,,,smc,,Politics,Text and Image Treatment,Image Treatment,Article 2,9,Male,"$125,000-$149,999",iOS Phone / Tablet,West South Central,> 60
12839353818,407618699,07/23/2021 12:36:42 AM,07/23/2021 12:37:17 AM,,,,,4cd62a05cfa86b1eba5ccae7fe,,,smc,,Business,Control,Text Treatment,Article 1,7,Female,"$25,000-$49,999",iOS Phone / Tablet,Pacific,30-44
12839348717,407618699,07/23/2021 12:32:48 AM,07/23/2021 12:33:35 AM,,,,,2609ae3572255a2127ad3a5c44,,,smc,,Politics,Control,Text Treatment,Article 2,8,Female,"$75,000-$99,999",iOS Phone / Tablet,Pacific,45-60
12839348379,407618699,07/23/2021 12:32:43 AM,07/23/2021 12:33:19 AM,,,,,aba8c8db84e9d25a285851ff6f,,,smc,,Other,Text Treatment,Control,Article 1,7,Female,"$50,000-$74,999",Android Phone / Tablet,South Atlantic,45-60
12839340677,407618699,07/23/2021 12:26:50 AM,07/23/2021 12:27:38 AM,,,,,456227fcf4ddddceb1374772a4,,,smc,,Politics,Text and Image Treatment,Text and Image Treatment,Article 1,6,Male,"$25,000-$49,999",Android Phone / Tablet,South Atlantic,45-60
12839336778,407618699,07/23/2021 12:23:47 AM,07/23/2021 12:24:44 AM,,,,,5006af3ccc0e18d6dbd6cc018a,,,smc,,Other,Text and Image Treatment,Image Treatment,Article 1,5,Female,Prefer not to answer,Android Phone / Tablet,South Atlantic,45-60
12839335849,407618699,07/23/2021 12:23:45 AM,07/23/2021 12:24:01 AM,,,,,6bdd602255af2fc130765fd967,,,smc,,Travel,Text Treatment,Control,Article 1,6,Male,"$25,000-$49,999",iOS Phone / Tablet,West North Central,45-60
12839326587,407618699,07/23/2021 12:16:34 AM,07/23/2021 12:17:03 AM,,,,,a662b4b77b26e6859edd57018e,,,smc,,Other,Control,Text and Image Treatment,Article 1,8,Female,"$100,000-$124,999",Android Phone / Tablet,South Atlantic,45-60
12839315231,407618699,07/23/2021 12:07:19 AM,07/23/2021 12:08:26 AM,,,,,542fc337cae53e0aad611e78c9,,,smc,,Art,Text and Image Treatment,Text and Image Treatment,Article 2,6,Female,"$25,000-$49,999",Windows Desktop / Laptop,Middle Atlantic,45-60
12839314507,407618699,07/23/2021 12:06:54 AM,07/23/2021 12:07:54 AM,,,,,0a6554650270f4bedaf08d5bc3,,,smc,,Business,Image Treatment,Control,Article 1,8,Male,"$125,000-$149,999",iOS Phone / Tablet,West South Central,45-60
12839304849,407618699,07/23/2021 12:00:35 AM,07/23/2021 12:00:49 AM,,,,,44f7ab3e7d8ed3bb3b8b113dc8,,,smc,,Tech,Text Treatment,Image Treatment,Article 1,7,Female,"$25,000-$49,999",iOS Phone / Tablet,Pacific,18-29
12839303622,407618699,07/22/2021 11:59:13 PM,07/22/2021 11:59:57 PM,,,,,4ea467a2993053def8ed822427,,,smc,,Business,Control,Control,Article 2,10,Female,"$10,000-$24,999",iOS Phone / Tablet,South Atlantic,45-60
12839300020,407618699,07/22/2021 11:56:26 PM,07/22/2021 11:57:07 PM,,,,,de117bcce96279d82e10bb7414,,,smc,,Other,Text Treatment,Image Treatment,Article 1,8,Male,"$75,000-$99,999",Windows Desktop / Laptop,Mountain,> 60
12839291808,407618699,07/22/2021 11:50:25 PM,07/22/2021 11:50:55 PM,,,,,1f959b431fb2297ae8c3136bdf,,,smc,,Politics,Text Treatment,Image Treatment,Article 2,5,Female,"$10,000-$24,999",iOS Phone / Tablet,West South Central,> 60
12839287792,407618699,07/22/2021 11:47:02 PM,07/22/2021 11:48:03 PM,,,,,3fc3afac0cfa792c29a719139a,,,smc,,Tech,Text Treatment,Control,Article 2,9,Male,"$25,000-$49,999",Android Phone / Tablet,South Atlantic,> 60
12839287782,407618699,07/22/2021 11:47:25 PM,07/22/2021 11:48:05 PM,,,,,4391ecfd05e0cda82007c0e4d9,,,smc,,Business,Control,Control,Article 1,7,Male,"$125,000-$149,999",Android Phone / Tablet,East South Central,30-44
12839287297,407618699,07/22/2021 11:47:28 PM,07/22/2021 11:47:43 PM,,,,,09db6c80531ab5555af8f95815,,,smc,,Tech,Image Treatment,Image Treatment,Article 2,9,Male,"$75,000-$99,999",iOS Phone / Tablet,Pacific,30-44
12839273093,407618699,07/22/2021 11:36:23 PM,07/22/2021 11:37:18 PM,,,,,593e47c495c90388d5e0e2b28e,,,smc,,Other,Control,Text Treatment,Article 1,10,Male,"$10,000-$24,999",Windows Desktop / Laptop,Middle Atlantic,> 60
12839269475,407618699,07/22/2021 11:33:41 PM,07/22/2021 11:34:35 PM,,,,,0f26a273bb076a41bccfc77a42,,,smc,,None,Image Treatment,Text Treatment,Article 2,4,Female,"$10,000-$24,999",iOS Phone / Tablet,Middle Atlantic,45-60
12839269317,407618699,07/22/2021 11:33:43 PM,07/22/2021 11:34:28 PM,,,,,63847385d3175cbdb03da307c8,,,smc,,Travel,Image Treatment,Image Treatment,Article 2,2,Female,Prefer not to answer,iOS Phone / Tablet,Pacific,45-60
12839259303,407618699,07/22/2021 11:26:32 PM,07/22/2021 11:27:08 PM,,,,,cf639ac03a90f7e59ce5436ca1,,,smc,,Tech,Control,Text and Image Treatment,Article 2,5,Male,"$100,000-$124,999",Android Phone / Tablet,Middle Atlantic,45-60
12839258062,407618699,07/22/2021 11:25:23 PM,07/22/2021 11:26:19 PM,,,,,eb1462f264fdc82544d1f42c51,,,smc,,Travel,Text and Image Treatment,Control,Article 1,8,Female,"$75,000-$99,999",Android Phone / Tablet,Pacific,45-60
12839249058,407618699,07/22/2021 11:17:19 PM,07/22/2021 11:19:57 PM,,,,,7995e19658b2d325bd47a34ce0,,,smc,,Politics,Image Treatment,Control,Article 2,7,Male,"$10,000-$24,999",Android Phone / Tablet,Pacific,45-60
12839246743,407618699,07/22/2021 11:17:44 PM,07/22/2021 11:18:21 PM,,,,,74f3a5350789403b392bb4b12b,,,smc,,Other,Text Treatment,Text Treatment,Article 2,4,Female,"$10,000-$24,999",iOS Phone / Tablet,West South Central,45-60
12839243142,407618699,07/22/2021 11:15:02 PM,07/22/2021 11:15:52 PM,,,,,963d96e22a95e4fda06c0500ee,,,smc,,Travel,Control,Text Treatment,Article 1,8,Male,"$10,000-$24,999",Android Phone / Tablet,Pacific,30-44
12839233630,407618699,07/22/2021 11:09:16 PM,07/22/2021 11:09:55 PM,,,,,b13da66fd86a54868e82fabcdf,,,smc,,Politics,Text and Image Treatment,Text Treatment,Article 1,8,Female,Prefer not to answer,MacOS Desktop / Laptop,South Atlantic,> 60
12839227804,407618699,07/22/2021 11:06:23 PM,07/22/2021 11:06:47 PM,,,,,8e95616962fb68184e02117e9a,,,smc,,Tech,Control,Control,Article 1,8,Male,"$75,000-$99,999",Android Phone / Tablet,Pacific,45-60
12839214324,407618699,07/22/2021 11:00:16 PM,07/22/2021 11:01:17 PM,,,,,9b981fd8613d09801d90e88ada,,,smc,,Politics,Text and Image Treatment,Image Treatment,Article 2,6,Female,"$50,000-$74,999",Android Phone / Tablet,East North Central,45-60
12839205699,407618699,07/22/2021 10:51:57 PM,07/22/2021 10:52:39 PM,,,,,2b260b2cd1673d4dd7b9cc0b38,,,smc,,Other,Text and Image Treatment,Text Treatment,Article 1,3,Female,"$200,000+",iOS Phone / Tablet,Pacific,> 60
12839202564,407618699,07/22/2021 10:48:43 PM,07/22/2021 10:49:35 PM,,,,,1fe5c62a1d056a8f44ae55d07d,,,smc,,Tech,Text Treatment,Control,Article 1,8,Female,"$100,000-$124,999",iOS Phone / Tablet,East North Central,30-44
12839202402,407618699,07/22/2021 10:49:09 PM,07/22/2021 10:49:25 PM,,,,,52cf4ee2193fdbd4f21991fce3,,,smc,,Sports,Image Treatment,Control,Article 1,7,Male,"$175,000-$199,999",iOS Phone / Tablet,Pacific,45-60
12839202154,407618699,07/22/2021 10:48:43 PM,07/22/2021 10:49:08 PM,,,,,9729d9dfed088987e0ea0be6ff,,,smc,,Business,Control,Text and Image Treatment,Article 1,6,Female,"$25,000-$49,999",iOS Phone / Tablet,West South Central,30-44
12839201082,407618699,07/22/2021 10:47:15 PM,07/22/2021 10:48:04 PM,,,,,79c8e8253df00bf73bd0347bed,,,smc,,Politics,Text Treatment,Control,Article 1,8,Male,"$50,000-$74,999",iOS Phone / Tablet,Pacific,> 60
12839197287,407618699,07/22/2021 10:43:50 PM,07/22/2021 10:44:14 PM,,,,,4afd643aaf2c66b1d35dd7fb21,,,smc,,Sports,Image Treatment,Text Treatment,Article 2,8,Female,"$25,000-$49,999",iOS Phone / Tablet,East North Central,45-60
12839195473,407618699,07/22/2021 10:41:16 PM,07/22/2021 10:42:25 PM,,,,,952c9435e80bdca8bdb91a7bd4,,,smc,,Other,Image Treatment,Control,Article 2,8,Male,"$25,000-$49,999",Windows Desktop / Laptop,New England,45-60
12839195407,407618699,07/22/2021 10:42:08 PM,07/22/2021 10:42:21 PM,,,,,eb8c0b36cea942d2525bee91cb,,,smc,,Travel,Text and Image Treatment,Text and Image Treatment,Article 1,6,Male,"$25,000-$49,999",iOS Phone / Tablet,South Atlantic,30-44
12839180909,407618699,07/22/2021 10:27:28 PM,07/22/2021 10:28:07 PM,,,,,ac7679333862908af6dbe0964a,,,smc,,Politics,Text and Image Treatment,Image Treatment,Article 1,8,Female,"$25,000-$49,999",iOS Phone / Tablet,West South Central,45-60
12839180766,407618699,07/22/2021 10:27:33 PM,07/22/2021 10:27:59 PM,,,,,9e9ab10b1564bee8d0a75eac80,,,smc,,Travel,Image Treatment,Text and Image Treatment,Article 1,8,Female,"$175,000-$199,999",iOS Phone / Tablet,East North Central,45-60
12839169863,407618699,07/22/2021 10:16:36 PM,07/22/2021 10:17:15 PM,,,,,37560838ec98a84d82a29a15e8,,,smc,,Sports,Text and Image Treatment,Image Treatment,Article 1,1,Male,"$150,000-$174,999",iOS Phone / Tablet,South Atlantic,45-60
12839169543,407618699,07/22/2021 10:16:36 PM,07/22/2021 10:16:57 PM,,,,,c75dcb1f5e2c20d15da1b34886,,,smc,,Art,Text and Image Treatment,Text and Image Treatment,Article 2,6,Male,"$25,000-$49,999",Android Phone / Tablet,Middle Atlantic,45-60
12839166359,407618699,07/22/2021 10:13:04 PM,07/22/2021 10:13:48 PM,,,,,a283f994956dfbc8702983b257,,,smc,,Travel,Image Treatment,Control,Article 1,8,Female,"$75,000-$99,999",iOS Phone / Tablet,Pacific,45-60
12839163170,407618699,07/22/2021 10:10:02 PM,07/22/2021 10:10:52 PM,,,,,370cfc87e16fa23d65575d9ab2,,,smc,,Business,Text and Image Treatment,Control,Article 2,8,Female,"$75,000-$99,999",Android Phone / Tablet,Pacific,> 60
12839162457,407618699,07/22/2021 10:09:35 PM,07/22/2021 10:10:13 PM,,,,,55d627fed96d5470d79e87efd1,,,smc,,Sports,Control,Control,Article 1,4,Male,"$75,000-$99,999",Windows Desktop / Laptop,East North Central,45-60
12839154653,407618699,07/22/2021 10:01:56 PM,07/22/2021 10:02:45 PM,,,,,5a79c208aea7a7ec812e43b3ad,,,smc,,Other,Text and Image Treatment,Text Treatment,Article 1,8,Female,"$200,000+",iOS Phone / Tablet,Mountain,45-60
12839148753,407618699,07/22/2021 09:56:25 PM,07/22/2021 09:57:08 PM,,,,,5d129238a9f4f9d85e1a43ad35,,,smc,,Politics,Image Treatment,Text and Image Treatment,Article 1,9,Male,"$25,000-$49,999",iOS Phone / Tablet,Pacific,> 60
12839138280,407618699,07/22/2021 09:46:31 PM,07/22/2021 09:46:55 PM,,,,,9000271dab52fca4e15bc8cd15,,,smc,,Tech,Control,Image Treatment,Article 2,9,Male,"$100,000-$124,999",Android Phone / Tablet,West South Central,45-60
12839137584,407618699,07/22/2021 09:45:31 PM,07/22/2021 09:46:15 PM,,,,,7d16d6c316d2d503950d205033,,,smc,,Politics,Image Treatment,Image Treatment,Article 1,7,Female,"$25,000-$49,999",Android Phone / Tablet,Pacific,45-60
12839137396,407618699,07/22/2021 09:45:27 PM,07/22/2021 09:46:06 PM,,,,,8294016dd61ffa6e47c78041d4,,,smc,,Sports,Text Treatment,Text Treatment,Article 2,4,Female,"$50,000-$74,999",Android Phone / Tablet,West North Central,45-60
12839128806,407618699,07/22/2021 09:36:29 PM,07/22/2021 09:37:41 PM,,,,,684b333a5152f351846e98939d,,,smc,,Tech,Text Treatment,Control,Article 2,9,Male,"$200,000+",iOS Phone / Tablet,Middle Atlantic,30-44
12839128456,407618699,07/22/2021 09:36:35 PM,07/22/2021 09:37:21 PM,,,,,8ba6b001075d52382b4da4a58e,,,smc,,Art,Image Treatment,Text and Image Treatment,Article 2,5,Female,"$0-$9,999",Android Phone / Tablet,West North Central,30-44
12839128431,407618699,07/22/2021 09:36:53 PM,07/22/2021 09:37:21 PM,,,,,df221014421c9d02b9ca18f3f3,,,smc,,Politics,Image Treatment,Image Treatment,Article 1,8,Male,"$25,000-$49,999",Windows Desktop / Laptop,East North Central,> 60
12839128323,407618699,07/22/2021 09:36:38 PM,07/22/2021 09:37:15 PM,,,,,179822c0cbc7f4b7dcfe8efeea,,,smc,,Other,Image Treatment,Control,Article 2,5,Female,"$150,000-$174,999",Android Phone / Tablet,West South Central,30-44
12839128268,407618699,07/22/2021 09:36:33 PM,07/22/2021 09:37:11 PM,,,,,cae25b624cae686ba22e91ce9f,,,smc,,Tech,Text Treatment,Image Treatment,Article 2,10,Male,"$100,000-$124,999",iOS Phone / Tablet,Mountain,30-44
12839128134,407618699,07/22/2021 09:36:29 PM,07/22/2021 09:37:03 PM,,,,,d9e050b80f4b96eda6e2bb39c4,,,smc,,Sports,Control,Control,Article 1,10,Female,"$50,000-$74,999",Android Phone / Tablet,West North Central,45-60
